Kod stanowiska,Data,Wartość,id_stanowisk
DsCzerStraza-NO-1g,2026-08-01 04:00:00,1.0,49
DsCzerStraza-NO-1g,2026-08-01 03:00:00,0.9,49
DsCzerStraza-NO-1g,2026-08-01 02:00:00,0.9,49
DsCzerStraza-NO-1g,2026-08-01 01:00:00,1.5,49
DsCzerStraza-NO-1g,2026-08-01 00:00:00,1.3,49
DsCzerStraza-NO-1g,2026-07-31 23:00:00,0.9,49
DsCzerStraza-NO-1g,2026-07-31 22:00:00,1.3,49
DsCzerStraza-NO-1g,2026-07-31 21:00:00,1.0,49
DsCzerStraza-NO-1g,2026-07-31 20:00:00,1.2,49
DsCzerStraza-NO-1g,2026-07-31 19:00:00,1.0,49
DsCzerStraza-NO-1g,2026-07-31 18:00:00,1.3,49
DsCzerStraza-NO-1g,2026-07-31 17:00:00,0.9,49
DsCzerStraza-NO-1g,2026-07-31 16:00:00,1.0,49
DsCzerStraza-NO-1g,2026-07-31 15:00:00,1.2,49
DsCzerStraza-NO-1g,2026-07-31 14:00:00,1.2,49
DsCzerStraza-NO-1g,2026-07-31 13:00:00,1.1,49
DsCzerStraza-NO-1g,2026-07-31 12:00:00,1.1,49
DsCzerStraza-NO-1g,2026-07-31 11:00:00,0.8,49
DsCzerStraza-NO-1g,2026-07-31 10:00:00,0.9,49
DsCzerStraza-NO-1g,2026-07-31 09:00:00,,49
DsCzerStraza-NO2-1g,2026-08-01 04:00:00,0.1,50
DsCzerStraza-NO2-1g,2026-08-01 03:00:00,0.3,50
DsCzerStraza-NO2-1g,2026-08-01 02:00:00,,50
DsCzerStraza-NO2-1g,2026-08-01 01:00:00,2.6,50
DsCzerStraza-NO2-1g,2026-08-01 00:00:00,2.3,50
DsCzerStraza-NO2-1g,2026-07-31 23:00:00,1.2,50
DsCzerStraza-NO2-1g,2026-07-31 22:00:00,1.4,50
DsCzerStraza-NO2-1g,2026-07-31 21:00:00,2.0,50
DsCzerStraza-NO2-1g,2026-07-31 20:00:00,5.7,50
DsCzerStraza-NO2-1g,2026-07-31 19:00:00,1.9,50
DsCzerStraza-NO2-1g,2026-07-31 18:00:00,5.1,50
DsCzerStraza-NO2-1g,2026-07-31 17:00:00,2.0,50
DsCzerStraza-NO2-1g,2026-07-31 16:00:00,1.1,50
DsCzerStraza-NO2-1g,2026-07-31 15:00:00,1.6,50
DsCzerStraza-NO2-1g,2026-07-31 14:00:00,1.6,50
DsCzerStraza-NO2-1g,2026-07-31 13:00:00,1.1,50
DsCzerStraza-NO2-1g,2026-07-31 12:00:00,1.6,50
DsCzerStraza-NO2-1g,2026-07-31 11:00:00,1.4,50
DsCzerStraza-NO2-1g,2026-07-31 10:00:00,2.5,50
DsCzerStraza-NO2-1g,2026-07-31 09:00:00,,50
DsCzerStraza-NOx-1g,2026-08-01 04:00:00,1.7,51
DsCzerStraza-NOx-1g,2026-08-01 03:00:00,1.7,51
DsCzerStraza-NOx-1g,2026-08-01 02:00:00,1.4,51
DsCzerStraza-NOx-1g,2026-08-01 01:00:00,4.9,51
DsCzerStraza-NOx-1g,2026-08-01 00:00:00,4.3,51
DsCzerStraza-NOx-1g,2026-07-31 23:00:00,2.5,51
DsCzerStraza-NOx-1g,2026-07-31 22:00:00,3.4,51
DsCzerStraza-NOx-1g,2026-07-31 21:00:00,3.5,51
DsCzerStraza-NOx-1g,2026-07-31 20:00:00,7.6,51
DsCzerStraza-NOx-1g,2026-07-31 19:00:00,3.4,51
DsCzerStraza-NOx-1g,2026-07-31 18:00:00,7.1,51
DsCzerStraza-NOx-1g,2026-07-31 17:00:00,3.4,51
DsCzerStraza-NOx-1g,2026-07-31 16:00:00,2.6,51
DsCzerStraza-NOx-1g,2026-07-31 15:00:00,3.4,51
DsCzerStraza-NOx-1g,2026-07-31 14:00:00,3.5,51
DsCzerStraza-NOx-1g,2026-07-31 13:00:00,2.8,51
DsCzerStraza-NOx-1g,2026-07-31 12:00:00,3.2,51
DsCzerStraza-NOx-1g,2026-07-31 11:00:00,2.7,51
DsCzerStraza-NOx-1g,2026-07-31 10:00:00,3.9,51
DsCzerStraza-NOx-1g,2026-07-31 09:00:00,,51
DsCzerStraza-O3-1g,2026-08-01 04:00:00,143.9,52
DsCzerStraza-O3-1g,2026-08-01 03:00:00,143.8,52
DsCzerStraza-O3-1g,2026-08-01 02:00:00,151.6,52
DsCzerStraza-O3-1g,2026-08-01 01:00:00,116.3,52
DsCzerStraza-O3-1g,2026-08-01 00:00:00,121.8,52
DsCzerStraza-O3-1g,2026-07-31 23:00:00,142.0,52
DsCzerStraza-O3-1g,2026-07-31 22:00:00,136.7,52
DsCzerStraza-O3-1g,2026-07-31 21:00:00,142.5,52
DsCzerStraza-O3-1g,2026-07-31 20:00:00,125.5,52
DsCzerStraza-O3-1g,2026-07-31 19:00:00,134.6,52
DsCzerStraza-O3-1g,2026-07-31 18:00:00,127.5,52
DsCzerStraza-O3-1g,2026-07-31 17:00:00,138.4,52
DsCzerStraza-O3-1g,2026-07-31 16:00:00,134.1,52
DsCzerStraza-O3-1g,2026-07-31 15:00:00,140.9,52
DsCzerStraza-O3-1g,2026-07-31 14:00:00,141.0,52
DsCzerStraza-O3-1g,2026-07-31 13:00:00,139.0,52
DsCzerStraza-O3-1g,2026-07-31 12:00:00,138.1,52
DsCzerStraza-O3-1g,2026-07-31 11:00:00,138.9,52
DsCzerStraza-O3-1g,2026-07-31 10:00:00,,52
DsCzerStraza-O3-1g,2026-07-31 09:00:00,130.5,52
DsCzerStraza-PM10-1g,2026-08-01 04:00:00,,54
DsCzerStraza-PM10-1g,2026-08-01 03:00:00,16.7,54
DsCzerStraza-PM10-1g,2026-08-01 02:00:00,17.1,54
DsCzerStraza-PM10-1g,2026-08-01 01:00:00,20.0,54
DsCzerStraza-PM10-1g,2026-08-01 00:00:00,26.6,54
DsCzerStraza-PM10-1g,2026-07-31 23:00:00,27.6,54
DsCzerStraza-PM10-1g,2026-07-31 22:00:00,20.3,54
DsCzerStraza-PM10-1g,2026-07-31 21:00:00,39.5,54
DsCzerStraza-PM10-1g,2026-07-31 20:00:00,23.9,54
DsCzerStraza-PM10-1g,2026-07-31 19:00:00,26.2,54
DsCzerStraza-PM10-1g,2026-07-31 18:00:00,24.5,54
DsCzerStraza-PM10-1g,2026-07-31 17:00:00,30.1,54
DsCzerStraza-PM10-1g,2026-07-31 16:00:00,24.3,54
DsCzerStraza-PM10-1g,2026-07-31 15:00:00,17.2,54
DsCzerStraza-PM10-1g,2026-07-31 14:00:00,16.5,54
DsCzerStraza-PM10-1g,2026-07-31 13:00:00,17.2,54
DsCzerStraza-PM10-1g,2026-07-31 12:00:00,17.7,54
DsCzerStraza-PM10-1g,2026-07-31 11:00:00,17.6,54
DsCzerStraza-PM10-1g,2026-07-31 10:00:00,17.8,54
DsCzerStraza-PM10-1g,2026-07-31 09:00:00,13.8,54
DsDziePilsud-PM10-1g,2026-08-01 04:00:00,,101
DsDziePilsud-PM10-1g,2026-08-01 03:00:00,12.2,101
DsDziePilsud-PM10-1g,2026-08-01 02:00:00,8.3,101
DsDziePilsud-PM10-1g,2026-08-01 01:00:00,7.0,101
DsDziePilsud-PM10-1g,2026-08-01 00:00:00,11.3,101
DsDziePilsud-PM10-1g,2026-07-31 23:00:00,16.1,101
DsDziePilsud-PM10-1g,2026-07-31 22:00:00,23.1,101
DsDziePilsud-PM10-1g,2026-07-31 21:00:00,22.8,101
DsDziePilsud-PM10-1g,2026-07-31 20:00:00,19.6,101
DsDziePilsud-PM10-1g,2026-07-31 19:00:00,22.1,101
DsDziePilsud-PM10-1g,2026-07-31 18:00:00,25.3,101
DsDziePilsud-PM10-1g,2026-07-31 17:00:00,19.8,101
DsDziePilsud-PM10-1g,2026-07-31 16:00:00,17.5,101
DsDziePilsud-PM10-1g,2026-07-31 15:00:00,12.5,101
DsDziePilsud-PM10-1g,2026-07-31 14:00:00,11.5,101
DsDziePilsud-PM10-1g,2026-07-31 13:00:00,5.3,101
DsDziePilsud-PM10-1g,2026-07-31 12:00:00,6.2,101
DsDziePilsud-PM10-1g,2026-07-31 11:00:00,8.4,101
DsDziePilsud-PM10-1g,2026-07-31 10:00:00,9.3,101
DsDziePilsud-PM10-1g,2026-07-31 09:00:00,16.8,101
DsKlodzSzkol-NO-1g,2026-08-01 04:00:00,0.8,220
DsKlodzSzkol-NO-1g,2026-08-01 03:00:00,0.8,220
DsKlodzSzkol-NO-1g,2026-08-01 02:00:00,0.8,220
DsKlodzSzkol-NO-1g,2026-08-01 01:00:00,0.6,220
DsKlodzSzkol-NO-1g,2026-08-01 00:00:00,0.5,220
DsKlodzSzkol-NO-1g,2026-07-31 23:00:00,0.4,220
DsKlodzSzkol-NO-1g,2026-07-31 22:00:00,0.3,220
DsKlodzSzkol-NO-1g,2026-07-31 21:00:00,0.4,220
DsKlodzSzkol-NO-1g,2026-07-31 20:00:00,0.4,220
DsKlodzSzkol-NO-1g,2026-07-31 19:00:00,0.4,220
DsKlodzSzkol-NO-1g,2026-07-31 18:00:00,0.4,220
DsKlodzSzkol-NO-1g,2026-07-31 17:00:00,0.3,220
DsKlodzSzkol-NO-1g,2026-07-31 16:00:00,0.2,220
DsKlodzSzkol-NO-1g,2026-07-31 15:00:00,0.0,220
DsKlodzSzkol-NO-1g,2026-07-31 14:00:00,,220
DsKlodzSzkol-NO-1g,2026-07-31 13:00:00,0.1,220
DsKlodzSzkol-NO-1g,2026-07-31 12:00:00,0.0,220
DsKlodzSzkol-NO-1g,2026-07-31 11:00:00,0.5,220
DsKlodzSzkol-NO-1g,2026-07-31 10:00:00,1.1,220
DsKlodzSzkol-NO-1g,2026-07-31 09:00:00,,220
DsKlodzSzkol-NO2-1g,2026-08-01 04:00:00,6.1,221
DsKlodzSzkol-NO2-1g,2026-08-01 03:00:00,4.9,221
DsKlodzSzkol-NO2-1g,2026-08-01 02:00:00,5.4,221
DsKlodzSzkol-NO2-1g,2026-08-01 01:00:00,5.1,221
DsKlodzSzkol-NO2-1g,2026-08-01 00:00:00,6.0,221
DsKlodzSzkol-NO2-1g,2026-07-31 23:00:00,6.1,221
DsKlodzSzkol-NO2-1g,2026-07-31 22:00:00,9.6,221
DsKlodzSzkol-NO2-1g,2026-07-31 21:00:00,13.8,221
DsKlodzSzkol-NO2-1g,2026-07-31 20:00:00,13.8,221
DsKlodzSzkol-NO2-1g,2026-07-31 19:00:00,12.1,221
DsKlodzSzkol-NO2-1g,2026-07-31 18:00:00,5.7,221
DsKlodzSzkol-NO2-1g,2026-07-31 17:00:00,4.0,221
DsKlodzSzkol-NO2-1g,2026-07-31 16:00:00,3.5,221
DsKlodzSzkol-NO2-1g,2026-07-31 15:00:00,3.5,221
DsKlodzSzkol-NO2-1g,2026-07-31 14:00:00,3.1,221
DsKlodzSzkol-NO2-1g,2026-07-31 13:00:00,3.7,221
DsKlodzSzkol-NO2-1g,2026-07-31 12:00:00,4.7,221
DsKlodzSzkol-NO2-1g,2026-07-31 11:00:00,9.7,221
DsKlodzSzkol-NO2-1g,2026-07-31 10:00:00,16.5,221
DsKlodzSzkol-NO2-1g,2026-07-31 09:00:00,,221
DsKlodzSzkol-NOx-1g,2026-08-01 04:00:00,7.4,222
DsKlodzSzkol-NOx-1g,2026-08-01 03:00:00,6.0,222
DsKlodzSzkol-NOx-1g,2026-08-01 02:00:00,6.7,222
DsKlodzSzkol-NOx-1g,2026-08-01 01:00:00,5.9,222
DsKlodzSzkol-NOx-1g,2026-08-01 00:00:00,6.7,222
DsKlodzSzkol-NOx-1g,2026-07-31 23:00:00,6.7,222
DsKlodzSzkol-NOx-1g,2026-07-31 22:00:00,10.0,222
DsKlodzSzkol-NOx-1g,2026-07-31 21:00:00,14.3,222
DsKlodzSzkol-NOx-1g,2026-07-31 20:00:00,14.5,222
DsKlodzSzkol-NOx-1g,2026-07-31 19:00:00,12.7,222
DsKlodzSzkol-NOx-1g,2026-07-31 18:00:00,6.3,222
DsKlodzSzkol-NOx-1g,2026-07-31 17:00:00,4.5,222
DsKlodzSzkol-NOx-1g,2026-07-31 16:00:00,3.8,222
DsKlodzSzkol-NOx-1g,2026-07-31 15:00:00,3.5,222
DsKlodzSzkol-NOx-1g,2026-07-31 14:00:00,2.9,222
DsKlodzSzkol-NOx-1g,2026-07-31 13:00:00,3.8,222
DsKlodzSzkol-NOx-1g,2026-07-31 12:00:00,4.8,222
DsKlodzSzkol-NOx-1g,2026-07-31 11:00:00,10.5,222
DsKlodzSzkol-NOx-1g,2026-07-31 10:00:00,18.3,222
DsKlodzSzkol-NOx-1g,2026-07-31 09:00:00,,222
DsKlodzSzkol-O3-1g,2026-08-01 04:00:00,58.7,223
DsKlodzSzkol-O3-1g,2026-08-01 03:00:00,73.0,223
DsKlodzSzkol-O3-1g,2026-08-01 02:00:00,71.1,223
DsKlodzSzkol-O3-1g,2026-08-01 01:00:00,98.1,223
DsKlodzSzkol-O3-1g,2026-08-01 00:00:00,113.7,223
DsKlodzSzkol-O3-1g,2026-07-31 23:00:00,136.7,223
DsKlodzSzkol-O3-1g,2026-07-31 22:00:00,130.8,223
DsKlodzSzkol-O3-1g,2026-07-31 21:00:00,140.7,223
DsKlodzSzkol-O3-1g,2026-07-31 20:00:00,148.8,223
DsKlodzSzkol-O3-1g,2026-07-31 19:00:00,148.6,223
DsKlodzSzkol-O3-1g,2026-07-31 18:00:00,162.3,223
DsKlodzSzkol-O3-1g,2026-07-31 17:00:00,162.1,223
DsKlodzSzkol-O3-1g,2026-07-31 16:00:00,155.3,223
DsKlodzSzkol-O3-1g,2026-07-31 15:00:00,143.9,223
DsKlodzSzkol-O3-1g,2026-07-31 14:00:00,133.7,223
DsKlodzSzkol-O3-1g,2026-07-31 13:00:00,135.4,223
DsKlodzSzkol-O3-1g,2026-07-31 12:00:00,141.2,223
DsKlodzSzkol-O3-1g,2026-07-31 11:00:00,135.8,223
DsKlodzSzkol-O3-1g,2026-07-31 10:00:00,,223
DsKlodzSzkol-O3-1g,2026-07-31 09:00:00,78.1,223
DsKlodzSzkol-PM10-1g,2026-08-01 04:00:00,20.3,224
DsKlodzSzkol-PM10-1g,2026-08-01 03:00:00,24.1,224
DsKlodzSzkol-PM10-1g,2026-08-01 02:00:00,23.9,224
DsKlodzSzkol-PM10-1g,2026-08-01 01:00:00,21.1,224
DsKlodzSzkol-PM10-1g,2026-08-01 00:00:00,26.2,224
DsKlodzSzkol-PM10-1g,2026-07-31 23:00:00,32.9,224
DsKlodzSzkol-PM10-1g,2026-07-31 22:00:00,51.5,224
DsKlodzSzkol-PM10-1g,2026-07-31 21:00:00,49.4,224
DsKlodzSzkol-PM10-1g,2026-07-31 20:00:00,41.6,224
DsKlodzSzkol-PM10-1g,2026-07-31 19:00:00,40.3,224
DsKlodzSzkol-PM10-1g,2026-07-31 18:00:00,31.0,224
DsKlodzSzkol-PM10-1g,2026-07-31 17:00:00,28.1,224
DsKlodzSzkol-PM10-1g,2026-07-31 16:00:00,26.2,224
DsKlodzSzkol-PM10-1g,2026-07-31 15:00:00,26.6,224
DsKlodzSzkol-PM10-1g,2026-07-31 14:00:00,25.2,224
DsKlodzSzkol-PM10-1g,2026-07-31 13:00:00,43.4,224
DsKlodzSzkol-PM10-1g,2026-07-31 12:00:00,22.4,224
DsKlodzSzkol-PM10-1g,2026-07-31 11:00:00,30.1,224
DsKlodzSzkol-PM10-1g,2026-07-31 10:00:00,36.3,224
DsKlodzSzkol-PM10-1g,2026-07-31 09:00:00,42.0,224
DsKlodzSzkol-PM2.5-1g,2026-08-01 04:00:00,14.0,25988
DsKlodzSzkol-PM2.5-1g,2026-08-01 03:00:00,15.1,25988
DsKlodzSzkol-PM2.5-1g,2026-08-01 02:00:00,15.1,25988
DsKlodzSzkol-PM2.5-1g,2026-08-01 01:00:00,15.0,25988
DsKlodzSzkol-PM2.5-1g,2026-08-01 00:00:00,17.1,25988
DsKlodzSzkol-PM2.5-1g,2026-07-31 23:00:00,17.5,25988
DsKlodzSzkol-PM2.5-1g,2026-07-31 22:00:00,20.7,25988
DsKlodzSzkol-PM2.5-1g,2026-07-31 21:00:00,20.6,25988
DsKlodzSzkol-PM2.5-1g,2026-07-31 20:00:00,18.5,25988
DsKlodzSzkol-PM2.5-1g,2026-07-31 19:00:00,18.0,25988
DsKlodzSzkol-PM2.5-1g,2026-07-31 18:00:00,16.8,25988
DsKlodzSzkol-PM2.5-1g,2026-07-31 17:00:00,16.2,25988
DsKlodzSzkol-PM2.5-1g,2026-07-31 16:00:00,15.4,25988
DsKlodzSzkol-PM2.5-1g,2026-07-31 15:00:00,15.0,25988
DsKlodzSzkol-PM2.5-1g,2026-07-31 14:00:00,15.0,25988
DsKlodzSzkol-PM2.5-1g,2026-07-31 13:00:00,16.3,25988
DsKlodzSzkol-PM2.5-1g,2026-07-31 12:00:00,13.8,25988
DsKlodzSzkol-PM2.5-1g,2026-07-31 11:00:00,15.4,25988
DsKlodzSzkol-PM2.5-1g,2026-07-31 10:00:00,17.9,25988
DsKlodzSzkol-PM2.5-1g,2026-07-31 09:00:00,19.2,25988
DsLegAlRzecz-C6H6-1g,2026-08-01 04:00:00,0.15,282
DsLegAlRzecz-C6H6-1g,2026-08-01 03:00:00,0.15,282
DsLegAlRzecz-C6H6-1g,2026-08-01 02:00:00,0.13,282
DsLegAlRzecz-C6H6-1g,2026-08-01 01:00:00,0.13,282
DsLegAlRzecz-C6H6-1g,2026-08-01 00:00:00,0.12,282
DsLegAlRzecz-C6H6-1g,2026-07-31 23:00:00,0.49,282
DsLegAlRzecz-C6H6-1g,2026-07-31 22:00:00,0.26,282
DsLegAlRzecz-C6H6-1g,2026-07-31 21:00:00,0.22,282
DsLegAlRzecz-C6H6-1g,2026-07-31 20:00:00,0.19,282
DsLegAlRzecz-C6H6-1g,2026-07-31 19:00:00,0.2,282
DsLegAlRzecz-C6H6-1g,2026-07-31 18:00:00,0.16,282
DsLegAlRzecz-C6H6-1g,2026-07-31 17:00:00,0.17,282
DsLegAlRzecz-C6H6-1g,2026-07-31 16:00:00,0.15,282
DsLegAlRzecz-C6H6-1g,2026-07-31 15:00:00,0.11,282
DsLegAlRzecz-C6H6-1g,2026-07-31 14:00:00,0.18,282
DsLegAlRzecz-C6H6-1g,2026-07-31 13:00:00,0.18,282
DsLegAlRzecz-C6H6-1g,2026-07-31 12:00:00,0.21,282
DsLegAlRzecz-C6H6-1g,2026-07-31 11:00:00,0.2,282
DsLegAlRzecz-C6H6-1g,2026-07-31 10:00:00,0.2,282
DsLegAlRzecz-C6H6-1g,2026-07-31 09:00:00,0.45,282
DsLegAlRzecz-NO-1g,2026-08-01 04:00:00,0.8,290
DsLegAlRzecz-NO-1g,2026-08-01 03:00:00,1.0,290
DsLegAlRzecz-NO-1g,2026-08-01 02:00:00,0.6,290
DsLegAlRzecz-NO-1g,2026-08-01 01:00:00,0.6,290
DsLegAlRzecz-NO-1g,2026-08-01 00:00:00,0.2,290
DsLegAlRzecz-NO-1g,2026-07-31 23:00:00,0.5,290
DsLegAlRzecz-NO-1g,2026-07-31 22:00:00,0.4,290
DsLegAlRzecz-NO-1g,2026-07-31 21:00:00,0.1,290
DsLegAlRzecz-NO-1g,2026-07-31 20:00:00,0.1,290
DsLegAlRzecz-NO-1g,2026-07-31 19:00:00,0.2,290
DsLegAlRzecz-NO-1g,2026-07-31 18:00:00,0.0,290
DsLegAlRzecz-NO-1g,2026-07-31 17:00:00,0.1,290
DsLegAlRzecz-NO-1g,2026-07-31 16:00:00,0.3,290
DsLegAlRzecz-NO-1g,2026-07-31 15:00:00,0.2,290
DsLegAlRzecz-NO-1g,2026-07-31 14:00:00,0.4,290
DsLegAlRzecz-NO-1g,2026-07-31 13:00:00,0.3,290
DsLegAlRzecz-NO-1g,2026-07-31 12:00:00,0.5,290
DsLegAlRzecz-NO-1g,2026-07-31 11:00:00,0.6,290
DsLegAlRzecz-NO-1g,2026-07-31 10:00:00,0.7,290
DsLegAlRzecz-NO-1g,2026-07-31 09:00:00,,290
DsLegAlRzecz-NO2-1g,2026-08-01 04:00:00,11.8,291
DsLegAlRzecz-NO2-1g,2026-08-01 03:00:00,14.4,291
DsLegAlRzecz-NO2-1g,2026-08-01 02:00:00,10.4,291
DsLegAlRzecz-NO2-1g,2026-08-01 01:00:00,9.1,291
DsLegAlRzecz-NO2-1g,2026-08-01 00:00:00,5.3,291
DsLegAlRzecz-NO2-1g,2026-07-31 23:00:00,10.8,291
DsLegAlRzecz-NO2-1g,2026-07-31 22:00:00,19.0,291
DsLegAlRzecz-NO2-1g,2026-07-31 21:00:00,14.0,291
DsLegAlRzecz-NO2-1g,2026-07-31 20:00:00,8.0,291
DsLegAlRzecz-NO2-1g,2026-07-31 19:00:00,11.2,291
DsLegAlRzecz-NO2-1g,2026-07-31 18:00:00,6.4,291
DsLegAlRzecz-NO2-1g,2026-07-31 17:00:00,5.5,291
DsLegAlRzecz-NO2-1g,2026-07-31 16:00:00,6.9,291
DsLegAlRzecz-NO2-1g,2026-07-31 15:00:00,6.6,291
DsLegAlRzecz-NO2-1g,2026-07-31 14:00:00,6.6,291
DsLegAlRzecz-NO2-1g,2026-07-31 13:00:00,6.5,291
DsLegAlRzecz-NO2-1g,2026-07-31 12:00:00,7.1,291
DsLegAlRzecz-NO2-1g,2026-07-31 11:00:00,8.7,291
DsLegAlRzecz-NO2-1g,2026-07-31 10:00:00,11.4,291
DsLegAlRzecz-NO2-1g,2026-07-31 09:00:00,,291
DsLegAlRzecz-NOx-1g,2026-08-01 04:00:00,13.1,292
DsLegAlRzecz-NOx-1g,2026-08-01 03:00:00,15.9,292
DsLegAlRzecz-NOx-1g,2026-08-01 02:00:00,11.3,292
DsLegAlRzecz-NOx-1g,2026-08-01 01:00:00,9.9,292
DsLegAlRzecz-NOx-1g,2026-08-01 00:00:00,5.6,292
DsLegAlRzecz-NOx-1g,2026-07-31 23:00:00,11.6,292
DsLegAlRzecz-NOx-1g,2026-07-31 22:00:00,19.7,292
DsLegAlRzecz-NOx-1g,2026-07-31 21:00:00,14.3,292
DsLegAlRzecz-NOx-1g,2026-07-31 20:00:00,8.1,292
DsLegAlRzecz-NOx-1g,2026-07-31 19:00:00,11.5,292
DsLegAlRzecz-NOx-1g,2026-07-31 18:00:00,6.5,292
DsLegAlRzecz-NOx-1g,2026-07-31 17:00:00,5.8,292
DsLegAlRzecz-NOx-1g,2026-07-31 16:00:00,7.4,292
DsLegAlRzecz-NOx-1g,2026-07-31 15:00:00,6.9,292
DsLegAlRzecz-NOx-1g,2026-07-31 14:00:00,7.3,292
DsLegAlRzecz-NOx-1g,2026-07-31 13:00:00,6.9,292
DsLegAlRzecz-NOx-1g,2026-07-31 12:00:00,7.9,292
DsLegAlRzecz-NOx-1g,2026-07-31 11:00:00,9.7,292
DsLegAlRzecz-NOx-1g,2026-07-31 10:00:00,12.5,292
DsLegAlRzecz-NOx-1g,2026-07-31 09:00:00,,292
DsLegAlRzecz-O3-1g,2026-08-01 04:00:00,73.4,293
DsLegAlRzecz-O3-1g,2026-08-01 03:00:00,91.4,293
DsLegAlRzecz-O3-1g,2026-08-01 02:00:00,110.6,293
DsLegAlRzecz-O3-1g,2026-08-01 01:00:00,116.8,293
DsLegAlRzecz-O3-1g,2026-08-01 00:00:00,143.8,293
DsLegAlRzecz-O3-1g,2026-07-31 23:00:00,129.5,293
DsLegAlRzecz-O3-1g,2026-07-31 22:00:00,116.8,293
DsLegAlRzecz-O3-1g,2026-07-31 21:00:00,139.2,293
DsLegAlRzecz-O3-1g,2026-07-31 20:00:00,152.5,293
DsLegAlRzecz-O3-1g,2026-07-31 19:00:00,169.8,293
DsLegAlRzecz-O3-1g,2026-07-31 18:00:00,183.6,293
DsLegAlRzecz-O3-1g,2026-07-31 17:00:00,190.0,293
DsLegAlRzecz-O3-1g,2026-07-31 16:00:00,188.0,293
DsLegAlRzecz-O3-1g,2026-07-31 15:00:00,184.2,293
DsLegAlRzecz-O3-1g,2026-07-31 14:00:00,175.4,293
DsLegAlRzecz-O3-1g,2026-07-31 13:00:00,163.8,293
DsLegAlRzecz-O3-1g,2026-07-31 12:00:00,155.3,293
DsLegAlRzecz-O3-1g,2026-07-31 11:00:00,146.3,293
DsLegAlRzecz-O3-1g,2026-07-31 10:00:00,,293
DsLegAlRzecz-O3-1g,2026-07-31 09:00:00,100.4,293
DsLegAlRzecz-SO2-1g,2026-08-01 04:00:00,6.8,297
DsLegAlRzecz-SO2-1g,2026-08-01 03:00:00,7.1,297
DsLegAlRzecz-SO2-1g,2026-08-01 02:00:00,7.9,297
DsLegAlRzecz-SO2-1g,2026-08-01 01:00:00,7.9,297
DsLegAlRzecz-SO2-1g,2026-08-01 00:00:00,8.0,297
DsLegAlRzecz-SO2-1g,2026-07-31 23:00:00,8.1,297
DsLegAlRzecz-SO2-1g,2026-07-31 22:00:00,7.3,297
DsLegAlRzecz-SO2-1g,2026-07-31 21:00:00,7.8,297
DsLegAlRzecz-SO2-1g,2026-07-31 20:00:00,8.2,297
DsLegAlRzecz-SO2-1g,2026-07-31 19:00:00,8.0,297
DsLegAlRzecz-SO2-1g,2026-07-31 18:00:00,8.2,297
DsLegAlRzecz-SO2-1g,2026-07-31 17:00:00,8.8,297
DsLegAlRzecz-SO2-1g,2026-07-31 16:00:00,9.5,297
DsLegAlRzecz-SO2-1g,2026-07-31 15:00:00,9.3,297
DsLegAlRzecz-SO2-1g,2026-07-31 14:00:00,8.5,297
DsLegAlRzecz-SO2-1g,2026-07-31 13:00:00,8.0,297
DsLegAlRzecz-SO2-1g,2026-07-31 12:00:00,8.2,297
DsLegAlRzecz-SO2-1g,2026-07-31 11:00:00,7.9,297
DsLegAlRzecz-SO2-1g,2026-07-31 10:00:00,6.2,297
DsLegAlRzecz-SO2-1g,2026-07-31 09:00:00,5.4,297
DsLegAlRzecz-PM10-1g,2026-08-01 04:00:00,23.1,14397
DsLegAlRzecz-PM10-1g,2026-08-01 03:00:00,21.9,14397
DsLegAlRzecz-PM10-1g,2026-08-01 02:00:00,22.3,14397
DsLegAlRzecz-PM10-1g,2026-08-01 01:00:00,22.1,14397
DsLegAlRzecz-PM10-1g,2026-08-01 00:00:00,19.0,14397
DsLegAlRzecz-PM10-1g,2026-07-31 23:00:00,36.8,14397
DsLegAlRzecz-PM10-1g,2026-07-31 22:00:00,37.2,14397
DsLegAlRzecz-PM10-1g,2026-07-31 21:00:00,32.8,14397
DsLegAlRzecz-PM10-1g,2026-07-31 20:00:00,30.3,14397
DsLegAlRzecz-PM10-1g,2026-07-31 19:00:00,30.8,14397
DsLegAlRzecz-PM10-1g,2026-07-31 18:00:00,31.0,14397
DsLegAlRzecz-PM10-1g,2026-07-31 17:00:00,27.4,14397
DsLegAlRzecz-PM10-1g,2026-07-31 16:00:00,29.1,14397
DsLegAlRzecz-PM10-1g,2026-07-31 15:00:00,30.1,14397
DsLegAlRzecz-PM10-1g,2026-07-31 14:00:00,27.9,14397
DsLegAlRzecz-PM10-1g,2026-07-31 13:00:00,25.8,14397
DsLegAlRzecz-PM10-1g,2026-07-31 12:00:00,24.1,14397
DsLegAlRzecz-PM10-1g,2026-07-31 11:00:00,22.4,14397
DsLegAlRzecz-PM10-1g,2026-07-31 10:00:00,26.7,14397
DsLegAlRzecz-PM10-1g,2026-07-31 09:00:00,42.3,14397
DsLegAlRzecz-PM2.5-1g,2026-08-01 04:00:00,15.2,32560
DsLegAlRzecz-PM2.5-1g,2026-08-01 03:00:00,14.2,32560
DsLegAlRzecz-PM2.5-1g,2026-08-01 02:00:00,13.9,32560
DsLegAlRzecz-PM2.5-1g,2026-08-01 01:00:00,13.0,32560
DsLegAlRzecz-PM2.5-1g,2026-08-01 00:00:00,12.2,32560
DsLegAlRzecz-PM2.5-1g,2026-07-31 23:00:00,16.2,32560
DsLegAlRzecz-PM2.5-1g,2026-07-31 22:00:00,18.0,32560
DsLegAlRzecz-PM2.5-1g,2026-07-31 21:00:00,16.9,32560
DsLegAlRzecz-PM2.5-1g,2026-07-31 20:00:00,15.9,32560
DsLegAlRzecz-PM2.5-1g,2026-07-31 19:00:00,15.4,32560
DsLegAlRzecz-PM2.5-1g,2026-07-31 18:00:00,15.2,32560
DsLegAlRzecz-PM2.5-1g,2026-07-31 17:00:00,15.0,32560
DsLegAlRzecz-PM2.5-1g,2026-07-31 16:00:00,15.0,32560
DsLegAlRzecz-PM2.5-1g,2026-07-31 15:00:00,15.0,32560
DsLegAlRzecz-PM2.5-1g,2026-07-31 14:00:00,14.7,32560
DsLegAlRzecz-PM2.5-1g,2026-07-31 13:00:00,14.3,32560
DsLegAlRzecz-PM2.5-1g,2026-07-31 12:00:00,13.6,32560
DsLegAlRzecz-PM2.5-1g,2026-07-31 11:00:00,13.4,32560
DsLegAlRzecz-PM2.5-1g,2026-07-31 10:00:00,14.1,32560
DsLegAlRzecz-PM2.5-1g,2026-07-31 09:00:00,17.4,32560
DsOlawZolnAK-NO-1g,2026-08-01 04:00:00,0.6,396
DsOlawZolnAK-NO-1g,2026-08-01 03:00:00,0.7,396
DsOlawZolnAK-NO-1g,2026-08-01 02:00:00,1.0,396
DsOlawZolnAK-NO-1g,2026-08-01 01:00:00,0.9,396
DsOlawZolnAK-NO-1g,2026-08-01 00:00:00,,396
DsOlawZolnAK-NO-1g,2026-07-31 23:00:00,2.4,396
DsOlawZolnAK-NO-1g,2026-07-31 22:00:00,,396
DsOlawZolnAK-NO-1g,2026-07-31 21:00:00,,396
DsOlawZolnAK-NO-1g,2026-07-31 20:00:00,,396
DsOlawZolnAK-NO-1g,2026-07-31 19:00:00,,396
DsOlawZolnAK-NO-1g,2026-07-31 18:00:00,,396
DsOlawZolnAK-NO-1g,2026-07-31 17:00:00,,396
DsOlawZolnAK-NO-1g,2026-07-31 16:00:00,,396
DsOlawZolnAK-NO-1g,2026-07-31 15:00:00,0.2,396
DsOlawZolnAK-NO-1g,2026-07-31 14:00:00,,396
DsOlawZolnAK-NO-1g,2026-07-31 13:00:00,0.0,396
DsOlawZolnAK-NO-1g,2026-07-31 12:00:00,0.2,396
DsOlawZolnAK-NO-1g,2026-07-31 11:00:00,0.1,396
DsOlawZolnAK-NO-1g,2026-07-31 10:00:00,0.7,396
DsOlawZolnAK-NO-1g,2026-07-31 09:00:00,,396
DsOlawZolnAK-NO2-1g,2026-08-01 04:00:00,7.0,397
DsOlawZolnAK-NO2-1g,2026-08-01 03:00:00,5.5,397
DsOlawZolnAK-NO2-1g,2026-08-01 02:00:00,9.4,397
DsOlawZolnAK-NO2-1g,2026-08-01 01:00:00,7.5,397
DsOlawZolnAK-NO2-1g,2026-08-01 00:00:00,5.5,397
DsOlawZolnAK-NO2-1g,2026-07-31 23:00:00,16.0,397
DsOlawZolnAK-NO2-1g,2026-07-31 22:00:00,16.9,397
DsOlawZolnAK-NO2-1g,2026-07-31 21:00:00,26.8,397
DsOlawZolnAK-NO2-1g,2026-07-31 20:00:00,23.7,397
DsOlawZolnAK-NO2-1g,2026-07-31 19:00:00,14.0,397
DsOlawZolnAK-NO2-1g,2026-07-31 18:00:00,10.3,397
DsOlawZolnAK-NO2-1g,2026-07-31 17:00:00,7.0,397
DsOlawZolnAK-NO2-1g,2026-07-31 16:00:00,6.7,397
DsOlawZolnAK-NO2-1g,2026-07-31 15:00:00,7.8,397
DsOlawZolnAK-NO2-1g,2026-07-31 14:00:00,5.2,397
DsOlawZolnAK-NO2-1g,2026-07-31 13:00:00,4.7,397
DsOlawZolnAK-NO2-1g,2026-07-31 12:00:00,7.4,397
DsOlawZolnAK-NO2-1g,2026-07-31 11:00:00,7.0,397
DsOlawZolnAK-NO2-1g,2026-07-31 10:00:00,9.7,397
DsOlawZolnAK-NO2-1g,2026-07-31 09:00:00,,397
DsOlawZolnAK-NOx-1g,2026-08-01 04:00:00,7.9,398
DsOlawZolnAK-NOx-1g,2026-08-01 03:00:00,6.5,398
DsOlawZolnAK-NOx-1g,2026-08-01 02:00:00,10.9,398
DsOlawZolnAK-NOx-1g,2026-08-01 01:00:00,9.0,398
DsOlawZolnAK-NOx-1g,2026-08-01 00:00:00,5.3,398
DsOlawZolnAK-NOx-1g,2026-07-31 23:00:00,19.7,398
DsOlawZolnAK-NOx-1g,2026-07-31 22:00:00,16.5,398
DsOlawZolnAK-NOx-1g,2026-07-31 21:00:00,26.7,398
DsOlawZolnAK-NOx-1g,2026-07-31 20:00:00,23.5,398
DsOlawZolnAK-NOx-1g,2026-07-31 19:00:00,13.6,398
DsOlawZolnAK-NOx-1g,2026-07-31 18:00:00,9.5,398
DsOlawZolnAK-NOx-1g,2026-07-31 17:00:00,6.7,398
DsOlawZolnAK-NOx-1g,2026-07-31 16:00:00,6.6,398
DsOlawZolnAK-NOx-1g,2026-07-31 15:00:00,8.1,398
DsOlawZolnAK-NOx-1g,2026-07-31 14:00:00,5.1,398
DsOlawZolnAK-NOx-1g,2026-07-31 13:00:00,4.7,398
DsOlawZolnAK-NOx-1g,2026-07-31 12:00:00,7.6,398
DsOlawZolnAK-NOx-1g,2026-07-31 11:00:00,7.3,398
DsOlawZolnAK-NOx-1g,2026-07-31 10:00:00,10.8,398
DsOlawZolnAK-NOx-1g,2026-07-31 09:00:00,,398
DsOlawZolnAK-PM10-1g,2026-08-01 04:00:00,23.7,400
DsOlawZolnAK-PM10-1g,2026-08-01 03:00:00,20.8,400
DsOlawZolnAK-PM10-1g,2026-08-01 02:00:00,29.1,400
DsOlawZolnAK-PM10-1g,2026-08-01 01:00:00,28.2,400
DsOlawZolnAK-PM10-1g,2026-08-01 00:00:00,25.9,400
DsOlawZolnAK-PM10-1g,2026-07-31 23:00:00,50.9,400
DsOlawZolnAK-PM10-1g,2026-07-31 22:00:00,37.3,400
DsOlawZolnAK-PM10-1g,2026-07-31 21:00:00,69.0,400
DsOlawZolnAK-PM10-1g,2026-07-31 20:00:00,56.4,400
DsOlawZolnAK-PM10-1g,2026-07-31 19:00:00,33.5,400
DsOlawZolnAK-PM10-1g,2026-07-31 18:00:00,27.8,400
DsOlawZolnAK-PM10-1g,2026-07-31 17:00:00,26.5,400
DsOlawZolnAK-PM10-1g,2026-07-31 16:00:00,26.3,400
DsOlawZolnAK-PM10-1g,2026-07-31 15:00:00,24.6,400
DsOlawZolnAK-PM10-1g,2026-07-31 14:00:00,24.1,400
DsOlawZolnAK-PM10-1g,2026-07-31 13:00:00,23.1,400
DsOlawZolnAK-PM10-1g,2026-07-31 12:00:00,32.7,400
DsOlawZolnAK-PM10-1g,2026-07-31 11:00:00,28.7,400
DsOlawZolnAK-PM10-1g,2026-07-31 10:00:00,30.6,400
DsOlawZolnAK-PM10-1g,2026-07-31 09:00:00,29.7,400
DsOlawZolnAK-O3-1g,2026-08-01 04:00:00,74.6,20214
DsOlawZolnAK-O3-1g,2026-08-01 03:00:00,73.2,20214
DsOlawZolnAK-O3-1g,2026-08-01 02:00:00,66.6,20214
DsOlawZolnAK-O3-1g,2026-08-01 01:00:00,79.7,20214
DsOlawZolnAK-O3-1g,2026-08-01 00:00:00,119.3,20214
DsOlawZolnAK-O3-1g,2026-07-31 23:00:00,96.3,20214
DsOlawZolnAK-O3-1g,2026-07-31 22:00:00,121.5,20214
DsOlawZolnAK-O3-1g,2026-07-31 21:00:00,113.1,20214
DsOlawZolnAK-O3-1g,2026-07-31 20:00:00,126.7,20214
DsOlawZolnAK-O3-1g,2026-07-31 19:00:00,151.8,20214
DsOlawZolnAK-O3-1g,2026-07-31 18:00:00,167.2,20214
DsOlawZolnAK-O3-1g,2026-07-31 17:00:00,172.5,20214
DsOlawZolnAK-O3-1g,2026-07-31 16:00:00,171.5,20214
DsOlawZolnAK-O3-1g,2026-07-31 15:00:00,168.6,20214
DsOlawZolnAK-O3-1g,2026-07-31 14:00:00,170.1,20214
DsOlawZolnAK-O3-1g,2026-07-31 13:00:00,160.6,20214
DsOlawZolnAK-O3-1g,2026-07-31 12:00:00,147.3,20214
DsOlawZolnAK-O3-1g,2026-07-31 11:00:00,135.0,20214
DsOlawZolnAK-O3-1g,2026-07-31 10:00:00,110.8,20214
DsOlawZolnAK-O3-1g,2026-07-31 09:00:00,79.7,20214
DsOlawZolnAK-PM2.5-1g,2026-08-01 04:00:00,16.3,32613
DsOlawZolnAK-PM2.5-1g,2026-08-01 03:00:00,13.7,32613
DsOlawZolnAK-PM2.5-1g,2026-08-01 02:00:00,19.3,32613
DsOlawZolnAK-PM2.5-1g,2026-08-01 01:00:00,15.9,32613
DsOlawZolnAK-PM2.5-1g,2026-08-01 00:00:00,14.5,32613
DsOlawZolnAK-PM2.5-1g,2026-07-31 23:00:00,21.6,32613
DsOlawZolnAK-PM2.5-1g,2026-07-31 22:00:00,16.3,32613
DsOlawZolnAK-PM2.5-1g,2026-07-31 21:00:00,18.7,32613
DsOlawZolnAK-PM2.5-1g,2026-07-31 20:00:00,16.5,32613
DsOlawZolnAK-PM2.5-1g,2026-07-31 19:00:00,13.7,32613
DsOlawZolnAK-PM2.5-1g,2026-07-31 18:00:00,12.7,32613
DsOlawZolnAK-PM2.5-1g,2026-07-31 17:00:00,12.3,32613
DsOlawZolnAK-PM2.5-1g,2026-07-31 16:00:00,12.2,32613
DsOlawZolnAK-PM2.5-1g,2026-07-31 15:00:00,11.9,32613
DsOlawZolnAK-PM2.5-1g,2026-07-31 14:00:00,12.2,32613
DsOlawZolnAK-PM2.5-1g,2026-07-31 13:00:00,12.1,32613
DsOlawZolnAK-PM2.5-1g,2026-07-31 12:00:00,13.5,32613
DsOlawZolnAK-PM2.5-1g,2026-07-31 11:00:00,13.1,32613
DsOlawZolnAK-PM2.5-1g,2026-07-31 10:00:00,16.3,32613
DsOlawZolnAK-PM2.5-1g,2026-07-31 09:00:00,15.5,32613
DsWalbrzWyso-C6H6-1g,2026-08-01 04:00:00,0.53,605
DsWalbrzWyso-C6H6-1g,2026-08-01 03:00:00,0.36,605
DsWalbrzWyso-C6H6-1g,2026-08-01 02:00:00,0.32,605
DsWalbrzWyso-C6H6-1g,2026-08-01 01:00:00,0.74,605
DsWalbrzWyso-C6H6-1g,2026-08-01 00:00:00,0.44,605
DsWalbrzWyso-C6H6-1g,2026-07-31 23:00:00,0.58,605
DsWalbrzWyso-C6H6-1g,2026-07-31 22:00:00,0.52,605
DsWalbrzWyso-C6H6-1g,2026-07-31 21:00:00,0.13,605
DsWalbrzWyso-C6H6-1g,2026-07-31 20:00:00,0.14,605
DsWalbrzWyso-C6H6-1g,2026-07-31 19:00:00,0.13,605
DsWalbrzWyso-C6H6-1g,2026-07-31 18:00:00,0.1,605
DsWalbrzWyso-C6H6-1g,2026-07-31 17:00:00,0.08,605
DsWalbrzWyso-C6H6-1g,2026-07-31 16:00:00,0.11,605
DsWalbrzWyso-C6H6-1g,2026-07-31 15:00:00,0.12,605
DsWalbrzWyso-C6H6-1g,2026-07-31 14:00:00,0.13,605
DsWalbrzWyso-C6H6-1g,2026-07-31 13:00:00,0.16,605
DsWalbrzWyso-C6H6-1g,2026-07-31 12:00:00,0.21,605
DsWalbrzWyso-C6H6-1g,2026-07-31 11:00:00,0.67,605
DsWalbrzWyso-C6H6-1g,2026-07-31 10:00:00,0.81,605
DsWalbrzWyso-C6H6-1g,2026-07-31 09:00:00,,605
DsWalbrzWyso-NO-1g,2026-08-01 04:00:00,1.2,613
DsWalbrzWyso-NO-1g,2026-08-01 03:00:00,1.0,613
DsWalbrzWyso-NO-1g,2026-08-01 02:00:00,1.2,613
DsWalbrzWyso-NO-1g,2026-08-01 01:00:00,1.3,613
DsWalbrzWyso-NO-1g,2026-08-01 00:00:00,1.5,613
DsWalbrzWyso-NO-1g,2026-07-31 23:00:00,1.4,613
DsWalbrzWyso-NO-1g,2026-07-31 22:00:00,1.0,613
DsWalbrzWyso-NO-1g,2026-07-31 21:00:00,0.6,613
DsWalbrzWyso-NO-1g,2026-07-31 20:00:00,0.8,613
DsWalbrzWyso-NO-1g,2026-07-31 19:00:00,0.6,613
DsWalbrzWyso-NO-1g,2026-07-31 18:00:00,0.6,613
DsWalbrzWyso-NO-1g,2026-07-31 17:00:00,0.7,613
DsWalbrzWyso-NO-1g,2026-07-31 16:00:00,0.6,613
DsWalbrzWyso-NO-1g,2026-07-31 15:00:00,1.0,613
DsWalbrzWyso-NO-1g,2026-07-31 14:00:00,1.5,613
DsWalbrzWyso-NO-1g,2026-07-31 13:00:00,0.8,613
DsWalbrzWyso-NO-1g,2026-07-31 12:00:00,0.8,613
DsWalbrzWyso-NO-1g,2026-07-31 11:00:00,1.2,613
DsWalbrzWyso-NO-1g,2026-07-31 10:00:00,6.7,613
DsWalbrzWyso-NO-1g,2026-07-31 09:00:00,,613
DsWalbrzWyso-NO2-1g,2026-08-01 04:00:00,6.4,614
DsWalbrzWyso-NO2-1g,2026-08-01 03:00:00,5.0,614
DsWalbrzWyso-NO2-1g,2026-08-01 02:00:00,4.4,614
DsWalbrzWyso-NO2-1g,2026-08-01 01:00:00,7.7,614
DsWalbrzWyso-NO2-1g,2026-08-01 00:00:00,13.3,614
DsWalbrzWyso-NO2-1g,2026-07-31 23:00:00,7.7,614
DsWalbrzWyso-NO2-1g,2026-07-31 22:00:00,21.0,614
DsWalbrzWyso-NO2-1g,2026-07-31 21:00:00,7.4,614
DsWalbrzWyso-NO2-1g,2026-07-31 20:00:00,5.8,614
DsWalbrzWyso-NO2-1g,2026-07-31 19:00:00,7.6,614
DsWalbrzWyso-NO2-1g,2026-07-31 18:00:00,4.7,614
DsWalbrzWyso-NO2-1g,2026-07-31 17:00:00,2.7,614
DsWalbrzWyso-NO2-1g,2026-07-31 16:00:00,2.3,614
DsWalbrzWyso-NO2-1g,2026-07-31 15:00:00,3.0,614
DsWalbrzWyso-NO2-1g,2026-07-31 14:00:00,12.5,614
DsWalbrzWyso-NO2-1g,2026-07-31 13:00:00,3.3,614
DsWalbrzWyso-NO2-1g,2026-07-31 12:00:00,4.3,614
DsWalbrzWyso-NO2-1g,2026-07-31 11:00:00,5.8,614
DsWalbrzWyso-NO2-1g,2026-07-31 10:00:00,29.6,614
DsWalbrzWyso-NO2-1g,2026-07-31 09:00:00,,614
DsWalbrzWyso-NOx-1g,2026-08-01 04:00:00,8.3,615
DsWalbrzWyso-NOx-1g,2026-08-01 03:00:00,6.5,615
DsWalbrzWyso-NOx-1g,2026-08-01 02:00:00,6.2,615
DsWalbrzWyso-NOx-1g,2026-08-01 01:00:00,9.7,615
DsWalbrzWyso-NOx-1g,2026-08-01 00:00:00,15.7,615
DsWalbrzWyso-NOx-1g,2026-07-31 23:00:00,9.9,615
DsWalbrzWyso-NOx-1g,2026-07-31 22:00:00,22.6,615
DsWalbrzWyso-NOx-1g,2026-07-31 21:00:00,8.4,615
DsWalbrzWyso-NOx-1g,2026-07-31 20:00:00,7.0,615
DsWalbrzWyso-NOx-1g,2026-07-31 19:00:00,8.6,615
DsWalbrzWyso-NOx-1g,2026-07-31 18:00:00,5.6,615
DsWalbrzWyso-NOx-1g,2026-07-31 17:00:00,3.8,615
DsWalbrzWyso-NOx-1g,2026-07-31 16:00:00,3.1,615
DsWalbrzWyso-NOx-1g,2026-07-31 15:00:00,4.5,615
DsWalbrzWyso-NOx-1g,2026-07-31 14:00:00,14.8,615
DsWalbrzWyso-NOx-1g,2026-07-31 13:00:00,4.5,615
DsWalbrzWyso-NOx-1g,2026-07-31 12:00:00,5.5,615
DsWalbrzWyso-NOx-1g,2026-07-31 11:00:00,7.6,615
DsWalbrzWyso-NOx-1g,2026-07-31 10:00:00,39.9,615
DsWalbrzWyso-NOx-1g,2026-07-31 09:00:00,,615
DsWalbrzWyso-O3-1g,2026-08-01 04:00:00,41.5,616
DsWalbrzWyso-O3-1g,2026-08-01 03:00:00,47.8,616
DsWalbrzWyso-O3-1g,2026-08-01 02:00:00,60.1,616
DsWalbrzWyso-O3-1g,2026-08-01 01:00:00,72.4,616
DsWalbrzWyso-O3-1g,2026-08-01 00:00:00,70.6,616
DsWalbrzWyso-O3-1g,2026-07-31 23:00:00,108.7,616
DsWalbrzWyso-O3-1g,2026-07-31 22:00:00,101.8,616
DsWalbrzWyso-O3-1g,2026-07-31 21:00:00,123.0,616
DsWalbrzWyso-O3-1g,2026-07-31 20:00:00,139.8,616
DsWalbrzWyso-O3-1g,2026-07-31 19:00:00,151.2,616
DsWalbrzWyso-O3-1g,2026-07-31 18:00:00,151.7,616
DsWalbrzWyso-O3-1g,2026-07-31 17:00:00,150.9,616
DsWalbrzWyso-O3-1g,2026-07-31 16:00:00,149.1,616
DsWalbrzWyso-O3-1g,2026-07-31 15:00:00,150.6,616
DsWalbrzWyso-O3-1g,2026-07-31 14:00:00,140.4,616
DsWalbrzWyso-O3-1g,2026-07-31 13:00:00,144.1,616
DsWalbrzWyso-O3-1g,2026-07-31 12:00:00,148.2,616
DsWalbrzWyso-O3-1g,2026-07-31 11:00:00,140.4,616
DsWalbrzWyso-O3-1g,2026-07-31 10:00:00,95.1,616
DsWalbrzWyso-O3-1g,2026-07-31 09:00:00,41.7,616
DsWalbrzWyso-PM10-1g,2026-08-01 04:00:00,15.3,618
DsWalbrzWyso-PM10-1g,2026-08-01 03:00:00,15.5,618
DsWalbrzWyso-PM10-1g,2026-08-01 02:00:00,15.1,618
DsWalbrzWyso-PM10-1g,2026-08-01 01:00:00,17.3,618
DsWalbrzWyso-PM10-1g,2026-08-01 00:00:00,19.4,618
DsWalbrzWyso-PM10-1g,2026-07-31 23:00:00,19.8,618
DsWalbrzWyso-PM10-1g,2026-07-31 22:00:00,25.2,618
DsWalbrzWyso-PM10-1g,2026-07-31 21:00:00,21.2,618
DsWalbrzWyso-PM10-1g,2026-07-31 20:00:00,22.4,618
DsWalbrzWyso-PM10-1g,2026-07-31 19:00:00,23.4,618
DsWalbrzWyso-PM10-1g,2026-07-31 18:00:00,22.0,618
DsWalbrzWyso-PM10-1g,2026-07-31 17:00:00,19.4,618
DsWalbrzWyso-PM10-1g,2026-07-31 16:00:00,17.9,618
DsWalbrzWyso-PM10-1g,2026-07-31 15:00:00,16.9,618
DsWalbrzWyso-PM10-1g,2026-07-31 14:00:00,19.7,618
DsWalbrzWyso-PM10-1g,2026-07-31 13:00:00,14.2,618
DsWalbrzWyso-PM10-1g,2026-07-31 12:00:00,14.3,618
DsWalbrzWyso-PM10-1g,2026-07-31 11:00:00,18.6,618
DsWalbrzWyso-PM10-1g,2026-07-31 10:00:00,26.5,618
DsWalbrzWyso-PM10-1g,2026-07-31 09:00:00,25.3,618
DsWalbrzWyso-SO2-1g,2026-08-01 04:00:00,9.7,621
DsWalbrzWyso-SO2-1g,2026-08-01 03:00:00,9.4,621
DsWalbrzWyso-SO2-1g,2026-08-01 02:00:00,9.8,621
DsWalbrzWyso-SO2-1g,2026-08-01 01:00:00,9.9,621
DsWalbrzWyso-SO2-1g,2026-08-01 00:00:00,9.4,621
DsWalbrzWyso-SO2-1g,2026-07-31 23:00:00,10.3,621
DsWalbrzWyso-SO2-1g,2026-07-31 22:00:00,10.9,621
DsWalbrzWyso-SO2-1g,2026-07-31 21:00:00,10.7,621
DsWalbrzWyso-SO2-1g,2026-07-31 20:00:00,9.5,621
DsWalbrzWyso-SO2-1g,2026-07-31 19:00:00,10.9,621
DsWalbrzWyso-SO2-1g,2026-07-31 18:00:00,10.4,621
DsWalbrzWyso-SO2-1g,2026-07-31 17:00:00,9.6,621
DsWalbrzWyso-SO2-1g,2026-07-31 16:00:00,9.9,621
DsWalbrzWyso-SO2-1g,2026-07-31 15:00:00,10.1,621
DsWalbrzWyso-SO2-1g,2026-07-31 14:00:00,9.9,621
DsWalbrzWyso-SO2-1g,2026-07-31 13:00:00,9.8,621
DsWalbrzWyso-SO2-1g,2026-07-31 12:00:00,10.4,621
DsWalbrzWyso-SO2-1g,2026-07-31 11:00:00,10.6,621
DsWalbrzWyso-SO2-1g,2026-07-31 10:00:00,10.5,621
DsWalbrzWyso-SO2-1g,2026-07-31 09:00:00,11.9,621
DsWalbrzWyso-PM2.5-1g,2026-08-01 04:00:00,11.4,32600
DsWalbrzWyso-PM2.5-1g,2026-08-01 03:00:00,11.4,32600
DsWalbrzWyso-PM2.5-1g,2026-08-01 02:00:00,11.3,32600
DsWalbrzWyso-PM2.5-1g,2026-08-01 01:00:00,12.5,32600
DsWalbrzWyso-PM2.5-1g,2026-08-01 00:00:00,13.4,32600
DsWalbrzWyso-PM2.5-1g,2026-07-31 23:00:00,12.9,32600
DsWalbrzWyso-PM2.5-1g,2026-07-31 22:00:00,14.4,32600
DsWalbrzWyso-PM2.5-1g,2026-07-31 21:00:00,12.5,32600
DsWalbrzWyso-PM2.5-1g,2026-07-31 20:00:00,12.2,32600
DsWalbrzWyso-PM2.5-1g,2026-07-31 19:00:00,12.3,32600
DsWalbrzWyso-PM2.5-1g,2026-07-31 18:00:00,12.5,32600
DsWalbrzWyso-PM2.5-1g,2026-07-31 17:00:00,12.1,32600
DsWalbrzWyso-PM2.5-1g,2026-07-31 16:00:00,11.6,32600
DsWalbrzWyso-PM2.5-1g,2026-07-31 15:00:00,10.8,32600
DsWalbrzWyso-PM2.5-1g,2026-07-31 14:00:00,10.7,32600
DsWalbrzWyso-PM2.5-1g,2026-07-31 13:00:00,9.7,32600
DsWalbrzWyso-PM2.5-1g,2026-07-31 12:00:00,9.7,32600
DsWalbrzWyso-PM2.5-1g,2026-07-31 11:00:00,10.7,32600
DsWalbrzWyso-PM2.5-1g,2026-07-31 10:00:00,12.8,32600
DsWalbrzWyso-PM2.5-1g,2026-07-31 09:00:00,14.9,32600
DsWrocBartni-NO-1g,2026-08-01 04:00:00,2.3,641
DsWrocBartni-NO-1g,2026-08-01 03:00:00,1.9,641
DsWrocBartni-NO-1g,2026-08-01 02:00:00,1.6,641
DsWrocBartni-NO-1g,2026-08-01 01:00:00,1.0,641
DsWrocBartni-NO-1g,2026-08-01 00:00:00,1.1,641
DsWrocBartni-NO-1g,2026-07-31 23:00:00,0.8,641
DsWrocBartni-NO-1g,2026-07-31 22:00:00,0.9,641
DsWrocBartni-NO-1g,2026-07-31 21:00:00,0.9,641
DsWrocBartni-NO-1g,2026-07-31 20:00:00,0.5,641
DsWrocBartni-NO-1g,2026-07-31 19:00:00,0.5,641
DsWrocBartni-NO-1g,2026-07-31 18:00:00,0.5,641
DsWrocBartni-NO-1g,2026-07-31 17:00:00,0.6,641
DsWrocBartni-NO-1g,2026-07-31 16:00:00,0.4,641
DsWrocBartni-NO-1g,2026-07-31 15:00:00,0.8,641
DsWrocBartni-NO-1g,2026-07-31 14:00:00,0.7,641
DsWrocBartni-NO-1g,2026-07-31 13:00:00,0.5,641
DsWrocBartni-NO-1g,2026-07-31 12:00:00,0.5,641
DsWrocBartni-NO-1g,2026-07-31 11:00:00,1.4,641
DsWrocBartni-NO-1g,2026-07-31 10:00:00,4.9,641
DsWrocBartni-NO-1g,2026-07-31 09:00:00,,641
DsWrocBartni-NO2-1g,2026-08-01 04:00:00,4.7,642
DsWrocBartni-NO2-1g,2026-08-01 03:00:00,3.9,642
DsWrocBartni-NO2-1g,2026-08-01 02:00:00,4.9,642
DsWrocBartni-NO2-1g,2026-08-01 01:00:00,3.9,642
DsWrocBartni-NO2-1g,2026-08-01 00:00:00,6.9,642
DsWrocBartni-NO2-1g,2026-07-31 23:00:00,8.4,642
DsWrocBartni-NO2-1g,2026-07-31 22:00:00,8.1,642
DsWrocBartni-NO2-1g,2026-07-31 21:00:00,9.5,642
DsWrocBartni-NO2-1g,2026-07-31 20:00:00,6.8,642
DsWrocBartni-NO2-1g,2026-07-31 19:00:00,4.7,642
DsWrocBartni-NO2-1g,2026-07-31 18:00:00,4.2,642
DsWrocBartni-NO2-1g,2026-07-31 17:00:00,3.9,642
DsWrocBartni-NO2-1g,2026-07-31 16:00:00,4.5,642
DsWrocBartni-NO2-1g,2026-07-31 15:00:00,4.4,642
DsWrocBartni-NO2-1g,2026-07-31 14:00:00,4.2,642
DsWrocBartni-NO2-1g,2026-07-31 13:00:00,2.7,642
DsWrocBartni-NO2-1g,2026-07-31 12:00:00,3.0,642
DsWrocBartni-NO2-1g,2026-07-31 11:00:00,5.7,642
DsWrocBartni-NO2-1g,2026-07-31 10:00:00,21.7,642
DsWrocBartni-NO2-1g,2026-07-31 09:00:00,,642
DsWrocBartni-NOx-1g,2026-08-01 04:00:00,8.2,643
DsWrocBartni-NOx-1g,2026-08-01 03:00:00,6.8,643
DsWrocBartni-NOx-1g,2026-08-01 02:00:00,7.4,643
DsWrocBartni-NOx-1g,2026-08-01 01:00:00,5.4,643
DsWrocBartni-NOx-1g,2026-08-01 00:00:00,8.5,643
DsWrocBartni-NOx-1g,2026-07-31 23:00:00,9.6,643
DsWrocBartni-NOx-1g,2026-07-31 22:00:00,9.4,643
DsWrocBartni-NOx-1g,2026-07-31 21:00:00,11.0,643
DsWrocBartni-NOx-1g,2026-07-31 20:00:00,7.6,643
DsWrocBartni-NOx-1g,2026-07-31 19:00:00,5.5,643
DsWrocBartni-NOx-1g,2026-07-31 18:00:00,5.0,643
DsWrocBartni-NOx-1g,2026-07-31 17:00:00,4.7,643
DsWrocBartni-NOx-1g,2026-07-31 16:00:00,5.2,643
DsWrocBartni-NOx-1g,2026-07-31 15:00:00,5.5,643
DsWrocBartni-NOx-1g,2026-07-31 14:00:00,5.3,643
DsWrocBartni-NOx-1g,2026-07-31 13:00:00,3.5,643
DsWrocBartni-NOx-1g,2026-07-31 12:00:00,3.8,643
DsWrocBartni-NOx-1g,2026-07-31 11:00:00,7.8,643
DsWrocBartni-NOx-1g,2026-07-31 10:00:00,29.3,643
DsWrocBartni-NOx-1g,2026-07-31 09:00:00,,643
DsWrocBartni-O3-1g,2026-08-01 04:00:00,72.7,644
DsWrocBartni-O3-1g,2026-08-01 03:00:00,85.4,644
DsWrocBartni-O3-1g,2026-08-01 02:00:00,93.2,644
DsWrocBartni-O3-1g,2026-08-01 01:00:00,114.9,644
DsWrocBartni-O3-1g,2026-08-01 00:00:00,114.8,644
DsWrocBartni-O3-1g,2026-07-31 23:00:00,116.8,644
DsWrocBartni-O3-1g,2026-07-31 22:00:00,117.6,644
DsWrocBartni-O3-1g,2026-07-31 21:00:00,113.8,644
DsWrocBartni-O3-1g,2026-07-31 20:00:00,128.9,644
DsWrocBartni-O3-1g,2026-07-31 19:00:00,155.7,644
DsWrocBartni-O3-1g,2026-07-31 18:00:00,168.5,644
DsWrocBartni-O3-1g,2026-07-31 17:00:00,193.0,644
DsWrocBartni-O3-1g,2026-07-31 16:00:00,193.3,644
DsWrocBartni-O3-1g,2026-07-31 15:00:00,176.3,644
DsWrocBartni-O3-1g,2026-07-31 14:00:00,161.8,644
DsWrocBartni-O3-1g,2026-07-31 13:00:00,156.1,644
DsWrocBartni-O3-1g,2026-07-31 12:00:00,147.8,644
DsWrocBartni-O3-1g,2026-07-31 11:00:00,139.3,644
DsWrocBartni-O3-1g,2026-07-31 10:00:00,,644
DsWrocBartni-O3-1g,2026-07-31 09:00:00,49.9,644
DsWrocWybCon-C6H6-1g,2026-08-01 04:00:00,0.06,658
DsWrocWybCon-C6H6-1g,2026-08-01 03:00:00,0.07,658
DsWrocWybCon-C6H6-1g,2026-08-01 02:00:00,0.1,658
DsWrocWybCon-C6H6-1g,2026-08-01 01:00:00,0.11,658
DsWrocWybCon-C6H6-1g,2026-08-01 00:00:00,0.12,658
DsWrocWybCon-C6H6-1g,2026-07-31 23:00:00,0.13,658
DsWrocWybCon-C6H6-1g,2026-07-31 22:00:00,0.13,658
DsWrocWybCon-C6H6-1g,2026-07-31 21:00:00,0.13,658
DsWrocWybCon-C6H6-1g,2026-07-31 20:00:00,0.11,658
DsWrocWybCon-C6H6-1g,2026-07-31 19:00:00,0.1,658
DsWrocWybCon-C6H6-1g,2026-07-31 18:00:00,0.1,658
DsWrocWybCon-C6H6-1g,2026-07-31 17:00:00,0.1,658
DsWrocWybCon-C6H6-1g,2026-07-31 16:00:00,0.1,658
DsWrocWybCon-C6H6-1g,2026-07-31 15:00:00,0.1,658
DsWrocWybCon-C6H6-1g,2026-07-31 14:00:00,0.1,658
DsWrocWybCon-C6H6-1g,2026-07-31 13:00:00,0.11,658
DsWrocWybCon-C6H6-1g,2026-07-31 12:00:00,0.13,658
DsWrocWybCon-C6H6-1g,2026-07-31 11:00:00,0.17,658
DsWrocWybCon-C6H6-1g,2026-07-31 10:00:00,0.22,658
DsWrocWybCon-C6H6-1g,2026-07-31 09:00:00,0.21,658
DsWrocWybCon-CO-1g,2026-08-01 04:00:00,374.0,660
DsWrocWybCon-CO-1g,2026-08-01 03:00:00,371.0,660
DsWrocWybCon-CO-1g,2026-08-01 02:00:00,356.0,660
DsWrocWybCon-CO-1g,2026-08-01 01:00:00,363.0,660
DsWrocWybCon-CO-1g,2026-08-01 00:00:00,344.0,660
DsWrocWybCon-CO-1g,2026-07-31 23:00:00,336.0,660
DsWrocWybCon-CO-1g,2026-07-31 22:00:00,358.0,660
DsWrocWybCon-CO-1g,2026-07-31 21:00:00,334.0,660
DsWrocWybCon-CO-1g,2026-07-31 20:00:00,334.0,660
DsWrocWybCon-CO-1g,2026-07-31 19:00:00,294.0,660
DsWrocWybCon-CO-1g,2026-07-31 18:00:00,252.0,660
DsWrocWybCon-CO-1g,2026-07-31 17:00:00,250.0,660
DsWrocWybCon-CO-1g,2026-07-31 16:00:00,256.0,660
DsWrocWybCon-CO-1g,2026-07-31 15:00:00,249.0,660
DsWrocWybCon-CO-1g,2026-07-31 14:00:00,240.0,660
DsWrocWybCon-CO-1g,2026-07-31 13:00:00,229.0,660
DsWrocWybCon-CO-1g,2026-07-31 12:00:00,262.0,660
DsWrocWybCon-CO-1g,2026-07-31 11:00:00,291.0,660
DsWrocWybCon-CO-1g,2026-07-31 10:00:00,339.0,660
DsWrocWybCon-CO-1g,2026-07-31 09:00:00,6737.0,660
DsWrocWybCon-NO-1g,2026-08-01 04:00:00,3.2,664
DsWrocWybCon-NO-1g,2026-08-01 03:00:00,2.7,664
DsWrocWybCon-NO-1g,2026-08-01 02:00:00,2.2,664
DsWrocWybCon-NO-1g,2026-08-01 01:00:00,0.9,664
DsWrocWybCon-NO-1g,2026-08-01 00:00:00,1.3,664
DsWrocWybCon-NO-1g,2026-07-31 23:00:00,1.6,664
DsWrocWybCon-NO-1g,2026-07-31 22:00:00,2.2,664
DsWrocWybCon-NO-1g,2026-07-31 21:00:00,2.1,664
DsWrocWybCon-NO-1g,2026-07-31 20:00:00,1.6,664
DsWrocWybCon-NO-1g,2026-07-31 19:00:00,1.2,664
DsWrocWybCon-NO-1g,2026-07-31 18:00:00,1.1,664
DsWrocWybCon-NO-1g,2026-07-31 17:00:00,1.4,664
DsWrocWybCon-NO-1g,2026-07-31 16:00:00,1.5,664
DsWrocWybCon-NO-1g,2026-07-31 15:00:00,1.4,664
DsWrocWybCon-NO-1g,2026-07-31 14:00:00,1.5,664
DsWrocWybCon-NO-1g,2026-07-31 13:00:00,1.6,664
DsWrocWybCon-NO-1g,2026-07-31 12:00:00,1.8,664
DsWrocWybCon-NO-1g,2026-07-31 11:00:00,2.8,664
DsWrocWybCon-NO-1g,2026-07-31 10:00:00,3.1,664
DsWrocWybCon-NO-1g,2026-07-31 09:00:00,,664
DsWrocWybCon-NO2-1g,2026-08-01 04:00:00,6.1,665
DsWrocWybCon-NO2-1g,2026-08-01 03:00:00,7.6,665
DsWrocWybCon-NO2-1g,2026-08-01 02:00:00,6.2,665
DsWrocWybCon-NO2-1g,2026-08-01 01:00:00,6.5,665
DsWrocWybCon-NO2-1g,2026-08-01 00:00:00,6.8,665
DsWrocWybCon-NO2-1g,2026-07-31 23:00:00,11.3,665
DsWrocWybCon-NO2-1g,2026-07-31 22:00:00,16.2,665
DsWrocWybCon-NO2-1g,2026-07-31 21:00:00,15.7,665
DsWrocWybCon-NO2-1g,2026-07-31 20:00:00,13.6,665
DsWrocWybCon-NO2-1g,2026-07-31 19:00:00,9.0,665
DsWrocWybCon-NO2-1g,2026-07-31 18:00:00,6.7,665
DsWrocWybCon-NO2-1g,2026-07-31 17:00:00,6.0,665
DsWrocWybCon-NO2-1g,2026-07-31 16:00:00,7.2,665
DsWrocWybCon-NO2-1g,2026-07-31 15:00:00,6.0,665
DsWrocWybCon-NO2-1g,2026-07-31 14:00:00,5.5,665
DsWrocWybCon-NO2-1g,2026-07-31 13:00:00,4.4,665
DsWrocWybCon-NO2-1g,2026-07-31 12:00:00,4.9,665
DsWrocWybCon-NO2-1g,2026-07-31 11:00:00,8.6,665
DsWrocWybCon-NO2-1g,2026-07-31 10:00:00,17.6,665
DsWrocWybCon-NO2-1g,2026-07-31 09:00:00,,665
DsWrocWybCon-NOx-1g,2026-08-01 04:00:00,11.0,666
DsWrocWybCon-NOx-1g,2026-08-01 03:00:00,11.7,666
DsWrocWybCon-NOx-1g,2026-08-01 02:00:00,9.7,666
DsWrocWybCon-NOx-1g,2026-08-01 01:00:00,7.9,666
DsWrocWybCon-NOx-1g,2026-08-01 00:00:00,8.8,666
DsWrocWybCon-NOx-1g,2026-07-31 23:00:00,13.7,666
DsWrocWybCon-NOx-1g,2026-07-31 22:00:00,19.7,666
DsWrocWybCon-NOx-1g,2026-07-31 21:00:00,19.0,666
DsWrocWybCon-NOx-1g,2026-07-31 20:00:00,16.1,666
DsWrocWybCon-NOx-1g,2026-07-31 19:00:00,10.9,666
DsWrocWybCon-NOx-1g,2026-07-31 18:00:00,8.3,666
DsWrocWybCon-NOx-1g,2026-07-31 17:00:00,8.2,666
DsWrocWybCon-NOx-1g,2026-07-31 16:00:00,9.6,666
DsWrocWybCon-NOx-1g,2026-07-31 15:00:00,8.3,666
DsWrocWybCon-NOx-1g,2026-07-31 14:00:00,7.7,666
DsWrocWybCon-NOx-1g,2026-07-31 13:00:00,6.8,666
DsWrocWybCon-NOx-1g,2026-07-31 12:00:00,7.6,666
DsWrocWybCon-NOx-1g,2026-07-31 11:00:00,12.9,666
DsWrocWybCon-NOx-1g,2026-07-31 10:00:00,22.4,666
DsWrocWybCon-NOx-1g,2026-07-31 09:00:00,,666
DsWrocWybCon-O3-1g,2026-08-01 04:00:00,84.5,667
DsWrocWybCon-O3-1g,2026-08-01 03:00:00,86.9,667
DsWrocWybCon-O3-1g,2026-08-01 02:00:00,107.3,667
DsWrocWybCon-O3-1g,2026-08-01 01:00:00,114.7,667
DsWrocWybCon-O3-1g,2026-08-01 00:00:00,111.3,667
DsWrocWybCon-O3-1g,2026-07-31 23:00:00,112.9,667
DsWrocWybCon-O3-1g,2026-07-31 22:00:00,95.1,667
DsWrocWybCon-O3-1g,2026-07-31 21:00:00,100.0,667
DsWrocWybCon-O3-1g,2026-07-31 20:00:00,111.5,667
DsWrocWybCon-O3-1g,2026-07-31 19:00:00,136.4,667
DsWrocWybCon-O3-1g,2026-07-31 18:00:00,144.5,667
DsWrocWybCon-O3-1g,2026-07-31 17:00:00,163.3,667
DsWrocWybCon-O3-1g,2026-07-31 16:00:00,166.2,667
DsWrocWybCon-O3-1g,2026-07-31 15:00:00,161.9,667
DsWrocWybCon-O3-1g,2026-07-31 14:00:00,148.3,667
DsWrocWybCon-O3-1g,2026-07-31 13:00:00,138.4,667
DsWrocWybCon-O3-1g,2026-07-31 12:00:00,127.2,667
DsWrocWybCon-O3-1g,2026-07-31 11:00:00,124.6,667
DsWrocWybCon-O3-1g,2026-07-31 10:00:00,100.9,667
DsWrocWybCon-O3-1g,2026-07-31 09:00:00,50.6,667
DsWrocWybCon-PM2.5-1g,2026-08-01 04:00:00,17.7,670
DsWrocWybCon-PM2.5-1g,2026-08-01 03:00:00,17.7,670
DsWrocWybCon-PM2.5-1g,2026-08-01 02:00:00,17.3,670
DsWrocWybCon-PM2.5-1g,2026-08-01 01:00:00,18.0,670
DsWrocWybCon-PM2.5-1g,2026-08-01 00:00:00,19.6,670
DsWrocWybCon-PM2.5-1g,2026-07-31 23:00:00,20.7,670
DsWrocWybCon-PM2.5-1g,2026-07-31 22:00:00,19.9,670
DsWrocWybCon-PM2.5-1g,2026-07-31 21:00:00,18.7,670
DsWrocWybCon-PM2.5-1g,2026-07-31 20:00:00,17.9,670
DsWrocWybCon-PM2.5-1g,2026-07-31 19:00:00,17.0,670
DsWrocWybCon-PM2.5-1g,2026-07-31 18:00:00,15.9,670
DsWrocWybCon-PM2.5-1g,2026-07-31 17:00:00,15.8,670
DsWrocWybCon-PM2.5-1g,2026-07-31 16:00:00,15.9,670
DsWrocWybCon-PM2.5-1g,2026-07-31 15:00:00,15.4,670
DsWrocWybCon-PM2.5-1g,2026-07-31 14:00:00,14.7,670
DsWrocWybCon-PM2.5-1g,2026-07-31 13:00:00,14.0,670
DsWrocWybCon-PM2.5-1g,2026-07-31 12:00:00,15.9,670
DsWrocWybCon-PM2.5-1g,2026-07-31 11:00:00,17.9,670
DsWrocWybCon-PM2.5-1g,2026-07-31 10:00:00,20.5,670
DsWrocWybCon-PM2.5-1g,2026-07-31 09:00:00,25.2,670
DsWrocWybCon-SO2-1g,2026-08-01 04:00:00,7.7,672
DsWrocWybCon-SO2-1g,2026-08-01 03:00:00,6.9,672
DsWrocWybCon-SO2-1g,2026-08-01 02:00:00,7.6,672
DsWrocWybCon-SO2-1g,2026-08-01 01:00:00,8.4,672
DsWrocWybCon-SO2-1g,2026-08-01 00:00:00,8.4,672
DsWrocWybCon-SO2-1g,2026-07-31 23:00:00,9.1,672
DsWrocWybCon-SO2-1g,2026-07-31 22:00:00,9.7,672
DsWrocWybCon-SO2-1g,2026-07-31 21:00:00,10.7,672
DsWrocWybCon-SO2-1g,2026-07-31 20:00:00,10.4,672
DsWrocWybCon-SO2-1g,2026-07-31 19:00:00,11.4,672
DsWrocWybCon-SO2-1g,2026-07-31 18:00:00,11.7,672
DsWrocWybCon-SO2-1g,2026-07-31 17:00:00,11.9,672
DsWrocWybCon-SO2-1g,2026-07-31 16:00:00,11.6,672
DsWrocWybCon-SO2-1g,2026-07-31 15:00:00,11.3,672
DsWrocWybCon-SO2-1g,2026-07-31 14:00:00,10.9,672
DsWrocWybCon-SO2-1g,2026-07-31 13:00:00,10.6,672
DsWrocWybCon-SO2-1g,2026-07-31 12:00:00,8.7,672
DsWrocWybCon-SO2-1g,2026-07-31 11:00:00,7.9,672
DsWrocWybCon-SO2-1g,2026-07-31 10:00:00,8.1,672
DsWrocWybCon-SO2-1g,2026-07-31 09:00:00,6.9,672
DsWrocAlWisn-CO-1g,2026-08-01 04:00:00,461.0,737
DsWrocAlWisn-CO-1g,2026-08-01 03:00:00,474.0,737
DsWrocAlWisn-CO-1g,2026-08-01 02:00:00,482.0,737
DsWrocAlWisn-CO-1g,2026-08-01 01:00:00,521.0,737
DsWrocAlWisn-CO-1g,2026-08-01 00:00:00,502.0,737
DsWrocAlWisn-CO-1g,2026-07-31 23:00:00,538.0,737
DsWrocAlWisn-CO-1g,2026-07-31 22:00:00,568.0,737
DsWrocAlWisn-CO-1g,2026-07-31 21:00:00,649.0,737
DsWrocAlWisn-CO-1g,2026-07-31 20:00:00,664.0,737
DsWrocAlWisn-CO-1g,2026-07-31 19:00:00,623.0,737
DsWrocAlWisn-CO-1g,2026-07-31 18:00:00,537.0,737
DsWrocAlWisn-CO-1g,2026-07-31 17:00:00,537.0,737
DsWrocAlWisn-CO-1g,2026-07-31 16:00:00,524.0,737
DsWrocAlWisn-CO-1g,2026-07-31 15:00:00,519.0,737
DsWrocAlWisn-CO-1g,2026-07-31 14:00:00,486.0,737
DsWrocAlWisn-CO-1g,2026-07-31 13:00:00,451.0,737
DsWrocAlWisn-CO-1g,2026-07-31 12:00:00,459.0,737
DsWrocAlWisn-CO-1g,2026-07-31 11:00:00,465.0,737
DsWrocAlWisn-CO-1g,2026-07-31 10:00:00,6060.0,737
DsWrocAlWisn-CO-1g,2026-07-31 09:00:00,7742.0,737
DsWrocAlWisn-NO-1g,2026-08-01 04:00:00,3.3,739
DsWrocAlWisn-NO-1g,2026-08-01 03:00:00,2.2,739
DsWrocAlWisn-NO-1g,2026-08-01 02:00:00,3.7,739
DsWrocAlWisn-NO-1g,2026-08-01 01:00:00,3.9,739
DsWrocAlWisn-NO-1g,2026-08-01 00:00:00,4.2,739
DsWrocAlWisn-NO-1g,2026-07-31 23:00:00,8.6,739
DsWrocAlWisn-NO-1g,2026-07-31 22:00:00,12.5,739
DsWrocAlWisn-NO-1g,2026-07-31 21:00:00,19.2,739
DsWrocAlWisn-NO-1g,2026-07-31 20:00:00,24.3,739
DsWrocAlWisn-NO-1g,2026-07-31 19:00:00,19.3,739
DsWrocAlWisn-NO-1g,2026-07-31 18:00:00,17.4,739
DsWrocAlWisn-NO-1g,2026-07-31 17:00:00,13.4,739
DsWrocAlWisn-NO-1g,2026-07-31 16:00:00,12.9,739
DsWrocAlWisn-NO-1g,2026-07-31 15:00:00,12.5,739
DsWrocAlWisn-NO-1g,2026-07-31 14:00:00,11.5,739
DsWrocAlWisn-NO-1g,2026-07-31 13:00:00,13.0,739
DsWrocAlWisn-NO-1g,2026-07-31 12:00:00,9.4,739
DsWrocAlWisn-NO-1g,2026-07-31 11:00:00,10.4,739
DsWrocAlWisn-NO-1g,2026-07-31 10:00:00,,739
DsWrocAlWisn-NO-1g,2026-07-31 09:00:00,,739
DsWrocAlWisn-NO2-1g,2026-08-01 04:00:00,16.0,740
DsWrocAlWisn-NO2-1g,2026-08-01 03:00:00,13.8,740
DsWrocAlWisn-NO2-1g,2026-08-01 02:00:00,19.0,740
DsWrocAlWisn-NO2-1g,2026-08-01 01:00:00,22.7,740
DsWrocAlWisn-NO2-1g,2026-08-01 00:00:00,22.9,740
DsWrocAlWisn-NO2-1g,2026-07-31 23:00:00,34.2,740
DsWrocAlWisn-NO2-1g,2026-07-31 22:00:00,53.9,740
DsWrocAlWisn-NO2-1g,2026-07-31 21:00:00,70.9,740
DsWrocAlWisn-NO2-1g,2026-07-31 20:00:00,76.4,740
DsWrocAlWisn-NO2-1g,2026-07-31 19:00:00,74.1,740
DsWrocAlWisn-NO2-1g,2026-07-31 18:00:00,63.8,740
DsWrocAlWisn-NO2-1g,2026-07-31 17:00:00,55.4,740
DsWrocAlWisn-NO2-1g,2026-07-31 16:00:00,50.7,740
DsWrocAlWisn-NO2-1g,2026-07-31 15:00:00,41.1,740
DsWrocAlWisn-NO2-1g,2026-07-31 14:00:00,38.6,740
DsWrocAlWisn-NO2-1g,2026-07-31 13:00:00,38.3,740
DsWrocAlWisn-NO2-1g,2026-07-31 12:00:00,31.8,740
DsWrocAlWisn-NO2-1g,2026-07-31 11:00:00,35.5,740
DsWrocAlWisn-NO2-1g,2026-07-31 10:00:00,,740
DsWrocAlWisn-NO2-1g,2026-07-31 09:00:00,,740
DsWrocAlWisn-NOx-1g,2026-08-01 04:00:00,21.0,741
DsWrocAlWisn-NOx-1g,2026-08-01 03:00:00,17.3,741
DsWrocAlWisn-NOx-1g,2026-08-01 02:00:00,24.6,741
DsWrocAlWisn-NOx-1g,2026-08-01 01:00:00,28.8,741
DsWrocAlWisn-NOx-1g,2026-08-01 00:00:00,29.3,741
DsWrocAlWisn-NOx-1g,2026-07-31 23:00:00,47.4,741
DsWrocAlWisn-NOx-1g,2026-07-31 22:00:00,73.0,741
DsWrocAlWisn-NOx-1g,2026-07-31 21:00:00,100.3,741
DsWrocAlWisn-NOx-1g,2026-07-31 20:00:00,113.7,741
DsWrocAlWisn-NOx-1g,2026-07-31 19:00:00,103.6,741
DsWrocAlWisn-NOx-1g,2026-07-31 18:00:00,90.4,741
DsWrocAlWisn-NOx-1g,2026-07-31 17:00:00,76.0,741
DsWrocAlWisn-NOx-1g,2026-07-31 16:00:00,70.5,741
DsWrocAlWisn-NOx-1g,2026-07-31 15:00:00,60.2,741
DsWrocAlWisn-NOx-1g,2026-07-31 14:00:00,56.2,741
DsWrocAlWisn-NOx-1g,2026-07-31 13:00:00,58.2,741
DsWrocAlWisn-NOx-1g,2026-07-31 12:00:00,46.3,741
DsWrocAlWisn-NOx-1g,2026-07-31 11:00:00,51.4,741
DsWrocAlWisn-NOx-1g,2026-07-31 10:00:00,,741
DsWrocAlWisn-NOx-1g,2026-07-31 09:00:00,,741
DsWrocAlWisn-PM2.5-1g,2026-08-01 04:00:00,16.8,744
DsWrocAlWisn-PM2.5-1g,2026-08-01 03:00:00,16.7,744
DsWrocAlWisn-PM2.5-1g,2026-08-01 02:00:00,16.7,744
DsWrocAlWisn-PM2.5-1g,2026-08-01 01:00:00,17.5,744
DsWrocAlWisn-PM2.5-1g,2026-08-01 00:00:00,18.4,744
DsWrocAlWisn-PM2.5-1g,2026-07-31 23:00:00,18.6,744
DsWrocAlWisn-PM2.5-1g,2026-07-31 22:00:00,17.4,744
DsWrocAlWisn-PM2.5-1g,2026-07-31 21:00:00,16.9,744
DsWrocAlWisn-PM2.5-1g,2026-07-31 20:00:00,16.4,744
DsWrocAlWisn-PM2.5-1g,2026-07-31 19:00:00,15.3,744
DsWrocAlWisn-PM2.5-1g,2026-07-31 18:00:00,14.0,744
DsWrocAlWisn-PM2.5-1g,2026-07-31 17:00:00,14.4,744
DsWrocAlWisn-PM2.5-1g,2026-07-31 16:00:00,13.3,744
DsWrocAlWisn-PM2.5-1g,2026-07-31 15:00:00,13.1,744
DsWrocAlWisn-PM2.5-1g,2026-07-31 14:00:00,12.5,744
DsWrocAlWisn-PM2.5-1g,2026-07-31 13:00:00,12.2,744
DsWrocAlWisn-PM2.5-1g,2026-07-31 12:00:00,13.8,744
DsWrocAlWisn-PM2.5-1g,2026-07-31 11:00:00,14.5,744
DsWrocAlWisn-PM2.5-1g,2026-07-31 10:00:00,17.0,744
DsWrocAlWisn-PM2.5-1g,2026-07-31 09:00:00,17.4,744
KpGrudPilsud-NO-1g,2026-08-01 04:00:00,,808
KpGrudPilsud-NO-1g,2026-08-01 03:00:00,,808
KpGrudPilsud-NO-1g,2026-08-01 02:00:00,,808
KpGrudPilsud-NO-1g,2026-08-01 01:00:00,,808
KpGrudPilsud-NO-1g,2026-08-01 00:00:00,,808
KpGrudPilsud-NO-1g,2026-07-31 23:00:00,,808
KpGrudPilsud-NO-1g,2026-07-31 22:00:00,,808
KpGrudPilsud-NO-1g,2026-07-31 21:00:00,,808
KpGrudPilsud-NO-1g,2026-07-31 20:00:00,,808
KpGrudPilsud-NO-1g,2026-07-31 19:00:00,,808
KpGrudPilsud-NO-1g,2026-07-31 18:00:00,,808
KpGrudPilsud-NO-1g,2026-07-31 17:00:00,,808
KpGrudPilsud-NO-1g,2026-07-31 16:00:00,,808
KpGrudPilsud-NO-1g,2026-07-31 15:00:00,,808
KpGrudPilsud-NO-1g,2026-07-31 14:00:00,,808
KpGrudPilsud-NO-1g,2026-07-31 13:00:00,,808
KpGrudPilsud-NO-1g,2026-07-31 12:00:00,,808
KpGrudPilsud-NO-1g,2026-07-31 11:00:00,,808
KpGrudPilsud-NO-1g,2026-07-31 10:00:00,,808
KpGrudPilsud-NO-1g,2026-07-31 09:00:00,,808
KpGrudPilsud-NO2-1g,2026-08-01 04:00:00,,809
KpGrudPilsud-NO2-1g,2026-08-01 03:00:00,,809
KpGrudPilsud-NO2-1g,2026-08-01 02:00:00,,809
KpGrudPilsud-NO2-1g,2026-08-01 01:00:00,,809
KpGrudPilsud-NO2-1g,2026-08-01 00:00:00,,809
KpGrudPilsud-NO2-1g,2026-07-31 23:00:00,,809
KpGrudPilsud-NO2-1g,2026-07-31 22:00:00,,809
KpGrudPilsud-NO2-1g,2026-07-31 21:00:00,,809
KpGrudPilsud-NO2-1g,2026-07-31 20:00:00,,809
KpGrudPilsud-NO2-1g,2026-07-31 19:00:00,,809
KpGrudPilsud-NO2-1g,2026-07-31 18:00:00,,809
KpGrudPilsud-NO2-1g,2026-07-31 17:00:00,,809
KpGrudPilsud-NO2-1g,2026-07-31 16:00:00,,809
KpGrudPilsud-NO2-1g,2026-07-31 15:00:00,,809
KpGrudPilsud-NO2-1g,2026-07-31 14:00:00,,809
KpGrudPilsud-NO2-1g,2026-07-31 13:00:00,,809
KpGrudPilsud-NO2-1g,2026-07-31 12:00:00,,809
KpGrudPilsud-NO2-1g,2026-07-31 11:00:00,,809
KpGrudPilsud-NO2-1g,2026-07-31 10:00:00,,809
KpGrudPilsud-NO2-1g,2026-07-31 09:00:00,,809
KpGrudPilsud-NOx-1g,2026-08-01 04:00:00,,810
KpGrudPilsud-NOx-1g,2026-08-01 03:00:00,,810
KpGrudPilsud-NOx-1g,2026-08-01 02:00:00,,810
KpGrudPilsud-NOx-1g,2026-08-01 01:00:00,,810
KpGrudPilsud-NOx-1g,2026-08-01 00:00:00,,810
KpGrudPilsud-NOx-1g,2026-07-31 23:00:00,,810
KpGrudPilsud-NOx-1g,2026-07-31 22:00:00,,810
KpGrudPilsud-NOx-1g,2026-07-31 21:00:00,,810
KpGrudPilsud-NOx-1g,2026-07-31 20:00:00,,810
KpGrudPilsud-NOx-1g,2026-07-31 19:00:00,,810
KpGrudPilsud-NOx-1g,2026-07-31 18:00:00,,810
KpGrudPilsud-NOx-1g,2026-07-31 17:00:00,,810
KpGrudPilsud-NOx-1g,2026-07-31 16:00:00,,810
KpGrudPilsud-NOx-1g,2026-07-31 15:00:00,,810
KpGrudPilsud-NOx-1g,2026-07-31 14:00:00,,810
KpGrudPilsud-NOx-1g,2026-07-31 13:00:00,,810
KpGrudPilsud-NOx-1g,2026-07-31 12:00:00,,810
KpGrudPilsud-NOx-1g,2026-07-31 11:00:00,,810
KpGrudPilsud-NOx-1g,2026-07-31 10:00:00,,810
KpGrudPilsud-NOx-1g,2026-07-31 09:00:00,,810
KpGrudPilsud-PM10-1g,2026-08-01 04:00:00,,812
KpGrudPilsud-PM10-1g,2026-08-01 03:00:00,,812
KpGrudPilsud-PM10-1g,2026-08-01 02:00:00,,812
KpGrudPilsud-PM10-1g,2026-08-01 01:00:00,,812
KpGrudPilsud-PM10-1g,2026-08-01 00:00:00,,812
KpGrudPilsud-PM10-1g,2026-07-31 23:00:00,,812
KpGrudPilsud-PM10-1g,2026-07-31 22:00:00,,812
KpGrudPilsud-PM10-1g,2026-07-31 21:00:00,,812
KpGrudPilsud-PM10-1g,2026-07-31 20:00:00,,812
KpGrudPilsud-PM10-1g,2026-07-31 19:00:00,,812
KpGrudPilsud-PM10-1g,2026-07-31 18:00:00,,812
KpGrudPilsud-PM10-1g,2026-07-31 17:00:00,,812
KpGrudPilsud-PM10-1g,2026-07-31 16:00:00,,812
KpGrudPilsud-PM10-1g,2026-07-31 15:00:00,,812
KpGrudPilsud-PM10-1g,2026-07-31 14:00:00,,812
KpGrudPilsud-PM10-1g,2026-07-31 13:00:00,,812
KpGrudPilsud-PM10-1g,2026-07-31 12:00:00,,812
KpGrudPilsud-PM10-1g,2026-07-31 11:00:00,,812
KpGrudPilsud-PM10-1g,2026-07-31 10:00:00,,812
KpGrudPilsud-PM10-1g,2026-07-31 09:00:00,,812
KpInowSolank-PM10-1g,2026-08-01 04:00:00,8.6,828
KpInowSolank-PM10-1g,2026-08-01 03:00:00,12.6,828
KpInowSolank-PM10-1g,2026-08-01 02:00:00,15.0,828
KpInowSolank-PM10-1g,2026-08-01 01:00:00,13.1,828
KpInowSolank-PM10-1g,2026-08-01 00:00:00,14.8,828
KpInowSolank-PM10-1g,2026-07-31 23:00:00,20.4,828
KpInowSolank-PM10-1g,2026-07-31 22:00:00,28.6,828
KpInowSolank-PM10-1g,2026-07-31 21:00:00,31.3,828
KpInowSolank-PM10-1g,2026-07-31 20:00:00,34.7,828
KpInowSolank-PM10-1g,2026-07-31 19:00:00,38.8,828
KpInowSolank-PM10-1g,2026-07-31 18:00:00,37.9,828
KpInowSolank-PM10-1g,2026-07-31 17:00:00,35.3,828
KpInowSolank-PM10-1g,2026-07-31 16:00:00,31.5,828
KpInowSolank-PM10-1g,2026-07-31 15:00:00,28.6,828
KpInowSolank-PM10-1g,2026-07-31 14:00:00,23.7,828
KpInowSolank-PM10-1g,2026-07-31 13:00:00,20.5,828
KpInowSolank-PM10-1g,2026-07-31 12:00:00,16.4,828
KpInowSolank-PM10-1g,2026-07-31 11:00:00,14.4,828
KpInowSolank-PM10-1g,2026-07-31 10:00:00,11.1,828
KpInowSolank-PM10-1g,2026-07-31 09:00:00,8.1,828
KpToruWSikor-PM10-1g,2026-08-01 04:00:00,5.2,853
KpToruWSikor-PM10-1g,2026-08-01 03:00:00,4.7,853
KpToruWSikor-PM10-1g,2026-08-01 02:00:00,3.8,853
KpToruWSikor-PM10-1g,2026-08-01 01:00:00,3.7,853
KpToruWSikor-PM10-1g,2026-08-01 00:00:00,4.0,853
KpToruWSikor-PM10-1g,2026-07-31 23:00:00,15.7,853
KpToruWSikor-PM10-1g,2026-07-31 22:00:00,,853
KpToruWSikor-PM10-1g,2026-07-31 21:00:00,,853
KpToruWSikor-PM10-1g,2026-07-31 20:00:00,,853
KpToruWSikor-PM10-1g,2026-07-31 19:00:00,,853
KpToruWSikor-PM10-1g,2026-07-31 18:00:00,,853
KpToruWSikor-PM10-1g,2026-07-31 17:00:00,,853
KpToruWSikor-PM10-1g,2026-07-31 16:00:00,,853
KpToruWSikor-PM10-1g,2026-07-31 15:00:00,,853
KpToruWSikor-PM10-1g,2026-07-31 14:00:00,,853
KpToruWSikor-PM10-1g,2026-07-31 13:00:00,,853
KpToruWSikor-PM10-1g,2026-07-31 12:00:00,21.4,853
KpToruWSikor-PM10-1g,2026-07-31 11:00:00,12.5,853
KpToruWSikor-PM10-1g,2026-07-31 10:00:00,5.0,853
KpToruWSikor-PM10-1g,2026-07-31 09:00:00,4.8,853
DsCzerStraza-NO-1g,2026-08-01 12:00:00,0.9,49
DsCzerStraza-NO-1g,2026-08-01 11:00:00,0.9,49
DsCzerStraza-NO-1g,2026-08-01 10:00:00,1.0,49
DsCzerStraza-NO-1g,2026-08-01 09:00:00,1.0,49
DsCzerStraza-NO-1g,2026-08-01 08:00:00,1.1,49
DsCzerStraza-NO-1g,2026-08-01 07:00:00,0.7,49
DsCzerStraza-NO-1g,2026-08-01 06:00:00,0.8,49
DsCzerStraza-NO-1g,2026-08-01 05:00:00,0.6,49
DsCzerStraza-NO2-1g,2026-08-01 12:00:00,3.4,50
DsCzerStraza-NO2-1g,2026-08-01 11:00:00,2.9,50
DsCzerStraza-NO2-1g,2026-08-01 10:00:00,3.4,50
DsCzerStraza-NO2-1g,2026-08-01 09:00:00,3.1,50
DsCzerStraza-NO2-1g,2026-08-01 08:00:00,3.4,50
DsCzerStraza-NO2-1g,2026-08-01 07:00:00,3.2,50
DsCzerStraza-NO2-1g,2026-08-01 06:00:00,1.7,50
DsCzerStraza-NO2-1g,2026-08-01 05:00:00,0.5,50
DsCzerStraza-NOx-1g,2026-08-01 12:00:00,4.9,51
DsCzerStraza-NOx-1g,2026-08-01 11:00:00,4.3,51
DsCzerStraza-NOx-1g,2026-08-01 10:00:00,4.9,51
DsCzerStraza-NOx-1g,2026-08-01 09:00:00,4.7,51
DsCzerStraza-NOx-1g,2026-08-01 08:00:00,5.1,51
DsCzerStraza-NOx-1g,2026-08-01 07:00:00,4.2,51
DsCzerStraza-NOx-1g,2026-08-01 06:00:00,3.0,51
DsCzerStraza-NOx-1g,2026-08-01 05:00:00,1.4,51
DsCzerStraza-O3-1g,2026-08-01 12:00:00,112.5,52
DsCzerStraza-O3-1g,2026-08-01 11:00:00,114.1,52
DsCzerStraza-O3-1g,2026-08-01 10:00:00,117.7,52
DsCzerStraza-O3-1g,2026-08-01 09:00:00,119.2,52
DsCzerStraza-O3-1g,2026-08-01 08:00:00,113.0,52
DsCzerStraza-O3-1g,2026-08-01 07:00:00,108.5,52
DsCzerStraza-O3-1g,2026-08-01 06:00:00,112.6,52
DsCzerStraza-O3-1g,2026-08-01 05:00:00,131.3,52
DsCzerStraza-PM10-1g,2026-08-01 12:00:00,,54
DsCzerStraza-PM10-1g,2026-08-01 11:00:00,21.6,54
DsCzerStraza-PM10-1g,2026-08-01 10:00:00,18.8,54
DsCzerStraza-PM10-1g,2026-08-01 09:00:00,24.8,54
DsCzerStraza-PM10-1g,2026-08-01 08:00:00,19.7,54
DsCzerStraza-PM10-1g,2026-08-01 07:00:00,17.9,54
DsCzerStraza-PM10-1g,2026-08-01 06:00:00,13.5,54
DsCzerStraza-PM10-1g,2026-08-01 05:00:00,16.9,54
DsDziePilsud-PM10-1g,2026-08-01 12:00:00,,101
DsDziePilsud-PM10-1g,2026-08-01 11:00:00,20.3,101
DsDziePilsud-PM10-1g,2026-08-01 10:00:00,19.9,101
DsDziePilsud-PM10-1g,2026-08-01 09:00:00,18.9,101
DsDziePilsud-PM10-1g,2026-08-01 08:00:00,6.0,101
DsDziePilsud-PM10-1g,2026-08-01 07:00:00,4.9,101
DsDziePilsud-PM10-1g,2026-08-01 06:00:00,9.1,101
DsDziePilsud-PM10-1g,2026-08-01 05:00:00,9.1,101
DsKlodzSzkol-NO-1g,2026-08-01 12:00:00,0.5,220
DsKlodzSzkol-NO-1g,2026-08-01 11:00:00,1.2,220
DsKlodzSzkol-NO-1g,2026-08-01 10:00:00,1.6,220
DsKlodzSzkol-NO-1g,2026-08-01 09:00:00,1.8,220
DsKlodzSzkol-NO-1g,2026-08-01 08:00:00,1.1,220
DsKlodzSzkol-NO-1g,2026-08-01 07:00:00,1.2,220
DsKlodzSzkol-NO-1g,2026-08-01 06:00:00,0.9,220
DsKlodzSzkol-NO-1g,2026-08-01 05:00:00,0.9,220
DsKlodzSzkol-NO2-1g,2026-08-01 12:00:00,4.2,221
DsKlodzSzkol-NO2-1g,2026-08-01 11:00:00,5.6,221
DsKlodzSzkol-NO2-1g,2026-08-01 10:00:00,6.5,221
DsKlodzSzkol-NO2-1g,2026-08-01 09:00:00,7.3,221
DsKlodzSzkol-NO2-1g,2026-08-01 08:00:00,9.1,221
DsKlodzSzkol-NO2-1g,2026-08-01 07:00:00,8.3,221
DsKlodzSzkol-NO2-1g,2026-08-01 06:00:00,7.7,221
DsKlodzSzkol-NO2-1g,2026-08-01 05:00:00,6.2,221
DsKlodzSzkol-NOx-1g,2026-08-01 12:00:00,5.0,222
DsKlodzSzkol-NOx-1g,2026-08-01 11:00:00,7.5,222
DsKlodzSzkol-NOx-1g,2026-08-01 10:00:00,9.0,222
DsKlodzSzkol-NOx-1g,2026-08-01 09:00:00,10.1,222
DsKlodzSzkol-NOx-1g,2026-08-01 08:00:00,10.7,222
DsKlodzSzkol-NOx-1g,2026-08-01 07:00:00,10.2,222
DsKlodzSzkol-NOx-1g,2026-08-01 06:00:00,9.0,222
DsKlodzSzkol-NOx-1g,2026-08-01 05:00:00,7.6,222
DsKlodzSzkol-O3-1g,2026-08-01 12:00:00,110.8,223
DsKlodzSzkol-O3-1g,2026-08-01 11:00:00,73.9,223
DsKlodzSzkol-O3-1g,2026-08-01 10:00:00,46.4,223
DsKlodzSzkol-O3-1g,2026-08-01 09:00:00,34.6,223
DsKlodzSzkol-O3-1g,2026-08-01 08:00:00,35.6,223
DsKlodzSzkol-O3-1g,2026-08-01 07:00:00,34.4,223
DsKlodzSzkol-O3-1g,2026-08-01 06:00:00,37.7,223
DsKlodzSzkol-O3-1g,2026-08-01 05:00:00,48.4,223
DsKlodzSzkol-PM10-1g,2026-08-01 12:00:00,24.7,224
DsKlodzSzkol-PM10-1g,2026-08-01 11:00:00,24.7,224
DsKlodzSzkol-PM10-1g,2026-08-01 10:00:00,23.4,224
DsKlodzSzkol-PM10-1g,2026-08-01 09:00:00,24.1,224
DsKlodzSzkol-PM10-1g,2026-08-01 08:00:00,25.3,224
DsKlodzSzkol-PM10-1g,2026-08-01 07:00:00,24.2,224
DsKlodzSzkol-PM10-1g,2026-08-01 06:00:00,23.5,224
DsKlodzSzkol-PM10-1g,2026-08-01 05:00:00,20.0,224
DsKlodzSzkol-PM2.5-1g,2026-08-01 12:00:00,18.1,25988
DsKlodzSzkol-PM2.5-1g,2026-08-01 11:00:00,18.1,25988
DsKlodzSzkol-PM2.5-1g,2026-08-01 10:00:00,16.6,25988
DsKlodzSzkol-PM2.5-1g,2026-08-01 09:00:00,15.5,25988
DsKlodzSzkol-PM2.5-1g,2026-08-01 08:00:00,15.4,25988
DsKlodzSzkol-PM2.5-1g,2026-08-01 07:00:00,15.2,25988
DsKlodzSzkol-PM2.5-1g,2026-08-01 06:00:00,15.1,25988
DsKlodzSzkol-PM2.5-1g,2026-08-01 05:00:00,14.1,25988
DsLegAlRzecz-C6H6-1g,2026-08-01 12:00:00,0.19,282
DsLegAlRzecz-C6H6-1g,2026-08-01 11:00:00,0.23,282
DsLegAlRzecz-C6H6-1g,2026-08-01 10:00:00,0.26,282
DsLegAlRzecz-C6H6-1g,2026-08-01 09:00:00,0.22,282
DsLegAlRzecz-C6H6-1g,2026-08-01 08:00:00,0.21,282
DsLegAlRzecz-C6H6-1g,2026-08-01 07:00:00,,282
DsLegAlRzecz-C6H6-1g,2026-08-01 06:00:00,0.16,282
DsLegAlRzecz-C6H6-1g,2026-08-01 05:00:00,0.15,282
DsLegAlRzecz-NO-1g,2026-08-01 12:00:00,1.0,290
DsLegAlRzecz-NO-1g,2026-08-01 11:00:00,1.5,290
DsLegAlRzecz-NO-1g,2026-08-01 10:00:00,1.7,290
DsLegAlRzecz-NO-1g,2026-08-01 09:00:00,1.4,290
DsLegAlRzecz-NO-1g,2026-08-01 08:00:00,1.4,290
DsLegAlRzecz-NO-1g,2026-08-01 07:00:00,0.8,290
DsLegAlRzecz-NO-1g,2026-08-01 06:00:00,0.6,290
DsLegAlRzecz-NO-1g,2026-08-01 05:00:00,0.6,290
DsLegAlRzecz-NO2-1g,2026-08-01 12:00:00,9.1,291
DsLegAlRzecz-NO2-1g,2026-08-01 11:00:00,10.5,291
DsLegAlRzecz-NO2-1g,2026-08-01 10:00:00,9.8,291
DsLegAlRzecz-NO2-1g,2026-08-01 09:00:00,12.6,291
DsLegAlRzecz-NO2-1g,2026-08-01 08:00:00,16.1,291
DsLegAlRzecz-NO2-1g,2026-08-01 07:00:00,9.1,291
DsLegAlRzecz-NO2-1g,2026-08-01 06:00:00,8.5,291
DsLegAlRzecz-NO2-1g,2026-08-01 05:00:00,7.7,291
DsLegAlRzecz-NOx-1g,2026-08-01 12:00:00,10.6,292
DsLegAlRzecz-NOx-1g,2026-08-01 11:00:00,12.8,292
DsLegAlRzecz-NOx-1g,2026-08-01 10:00:00,12.4,292
DsLegAlRzecz-NOx-1g,2026-08-01 09:00:00,14.7,292
DsLegAlRzecz-NOx-1g,2026-08-01 08:00:00,18.3,292
DsLegAlRzecz-NOx-1g,2026-08-01 07:00:00,10.3,292
DsLegAlRzecz-NOx-1g,2026-08-01 06:00:00,9.4,292
DsLegAlRzecz-NOx-1g,2026-08-01 05:00:00,8.6,292
DsLegAlRzecz-O3-1g,2026-08-01 12:00:00,113.2,293
DsLegAlRzecz-O3-1g,2026-08-01 11:00:00,86.4,293
DsLegAlRzecz-O3-1g,2026-08-01 10:00:00,61.3,293
DsLegAlRzecz-O3-1g,2026-08-01 09:00:00,49.5,293
DsLegAlRzecz-O3-1g,2026-08-01 08:00:00,41.5,293
DsLegAlRzecz-O3-1g,2026-08-01 07:00:00,61.7,293
DsLegAlRzecz-O3-1g,2026-08-01 06:00:00,68.0,293
DsLegAlRzecz-O3-1g,2026-08-01 05:00:00,72.6,293
DsLegAlRzecz-SO2-1g,2026-08-01 12:00:00,9.3,297
DsLegAlRzecz-SO2-1g,2026-08-01 11:00:00,7.9,297
DsLegAlRzecz-SO2-1g,2026-08-01 10:00:00,7.2,297
DsLegAlRzecz-SO2-1g,2026-08-01 09:00:00,7.5,297
DsLegAlRzecz-SO2-1g,2026-08-01 08:00:00,7.3,297
DsLegAlRzecz-SO2-1g,2026-08-01 07:00:00,7.1,297
DsLegAlRzecz-SO2-1g,2026-08-01 06:00:00,6.8,297
DsLegAlRzecz-SO2-1g,2026-08-01 05:00:00,7.2,297
DsLegAlRzecz-PM10-1g,2026-08-01 12:00:00,23.5,14397
DsLegAlRzecz-PM10-1g,2026-08-01 11:00:00,24.1,14397
DsLegAlRzecz-PM10-1g,2026-08-01 10:00:00,26.1,14397
DsLegAlRzecz-PM10-1g,2026-08-01 09:00:00,27.7,14397
DsLegAlRzecz-PM10-1g,2026-08-01 08:00:00,26.3,14397
DsLegAlRzecz-PM10-1g,2026-08-01 07:00:00,23.0,14397
DsLegAlRzecz-PM10-1g,2026-08-01 06:00:00,22.4,14397
DsLegAlRzecz-PM10-1g,2026-08-01 05:00:00,21.7,14397
DsLegAlRzecz-PM2.5-1g,2026-08-01 12:00:00,15.6,32560
DsLegAlRzecz-PM2.5-1g,2026-08-01 11:00:00,15.8,32560
DsLegAlRzecz-PM2.5-1g,2026-08-01 10:00:00,17.1,32560
DsLegAlRzecz-PM2.5-1g,2026-08-01 09:00:00,18.3,32560
DsLegAlRzecz-PM2.5-1g,2026-08-01 08:00:00,18.3,32560
DsLegAlRzecz-PM2.5-1g,2026-08-01 07:00:00,16.1,32560
DsLegAlRzecz-PM2.5-1g,2026-08-01 06:00:00,15.6,32560
DsLegAlRzecz-PM2.5-1g,2026-08-01 05:00:00,15.2,32560
DsOlawZolnAK-NO-1g,2026-08-01 12:00:00,1.8,396
DsOlawZolnAK-NO-1g,2026-08-01 11:00:00,2.2,396
DsOlawZolnAK-NO-1g,2026-08-01 10:00:00,3.5,396
DsOlawZolnAK-NO-1g,2026-08-01 09:00:00,2.9,396
DsOlawZolnAK-NO-1g,2026-08-01 08:00:00,2.7,396
DsOlawZolnAK-NO-1g,2026-08-01 07:00:00,2.4,396
DsOlawZolnAK-NO-1g,2026-08-01 06:00:00,1.9,396
DsOlawZolnAK-NO-1g,2026-08-01 05:00:00,1.5,396
DsOlawZolnAK-NO2-1g,2026-08-01 12:00:00,6.8,397
DsOlawZolnAK-NO2-1g,2026-08-01 11:00:00,11.2,397
DsOlawZolnAK-NO2-1g,2026-08-01 10:00:00,17.0,397
DsOlawZolnAK-NO2-1g,2026-08-01 09:00:00,13.4,397
DsOlawZolnAK-NO2-1g,2026-08-01 08:00:00,10.2,397
DsOlawZolnAK-NO2-1g,2026-08-01 07:00:00,12.0,397
DsOlawZolnAK-NO2-1g,2026-08-01 06:00:00,11.1,397
DsOlawZolnAK-NO2-1g,2026-08-01 05:00:00,8.6,397
DsOlawZolnAK-NOx-1g,2026-08-01 12:00:00,9.6,398
DsOlawZolnAK-NOx-1g,2026-08-01 11:00:00,14.5,398
DsOlawZolnAK-NOx-1g,2026-08-01 10:00:00,22.3,398
DsOlawZolnAK-NOx-1g,2026-08-01 09:00:00,17.8,398
DsOlawZolnAK-NOx-1g,2026-08-01 08:00:00,14.2,398
DsOlawZolnAK-NOx-1g,2026-08-01 07:00:00,15.6,398
DsOlawZolnAK-NOx-1g,2026-08-01 06:00:00,13.9,398
DsOlawZolnAK-NOx-1g,2026-08-01 05:00:00,10.9,398
DsOlawZolnAK-PM10-1g,2026-08-01 12:00:00,19.5,400
DsOlawZolnAK-PM10-1g,2026-08-01 11:00:00,19.0,400
DsOlawZolnAK-PM10-1g,2026-08-01 10:00:00,22.3,400
DsOlawZolnAK-PM10-1g,2026-08-01 09:00:00,22.0,400
DsOlawZolnAK-PM10-1g,2026-08-01 08:00:00,21.4,400
DsOlawZolnAK-PM10-1g,2026-08-01 07:00:00,22.4,400
DsOlawZolnAK-PM10-1g,2026-08-01 06:00:00,24.9,400
DsOlawZolnAK-PM10-1g,2026-08-01 05:00:00,20.6,400
DsOlawZolnAK-O3-1g,2026-08-01 12:00:00,127.7,20214
DsOlawZolnAK-O3-1g,2026-08-01 11:00:00,90.7,20214
DsOlawZolnAK-O3-1g,2026-08-01 10:00:00,52.9,20214
DsOlawZolnAK-O3-1g,2026-08-01 09:00:00,40.5,20214
DsOlawZolnAK-O3-1g,2026-08-01 08:00:00,47.9,20214
DsOlawZolnAK-O3-1g,2026-08-01 07:00:00,32.3,20214
DsOlawZolnAK-O3-1g,2026-08-01 06:00:00,46.2,20214
DsOlawZolnAK-O3-1g,2026-08-01 05:00:00,70.8,20214
DsOlawZolnAK-PM2.5-1g,2026-08-01 12:00:00,13.1,32613
DsOlawZolnAK-PM2.5-1g,2026-08-01 11:00:00,13.2,32613
DsOlawZolnAK-PM2.5-1g,2026-08-01 10:00:00,15.5,32613
DsOlawZolnAK-PM2.5-1g,2026-08-01 09:00:00,15.9,32613
DsOlawZolnAK-PM2.5-1g,2026-08-01 08:00:00,15.2,32613
DsOlawZolnAK-PM2.5-1g,2026-08-01 07:00:00,14.9,32613
DsOlawZolnAK-PM2.5-1g,2026-08-01 06:00:00,15.8,32613
DsOlawZolnAK-PM2.5-1g,2026-08-01 05:00:00,13.5,32613
DsWalbrzWyso-C6H6-1g,2026-08-01 12:00:00,0.22,605
DsWalbrzWyso-C6H6-1g,2026-08-01 11:00:00,0.86,605
DsWalbrzWyso-C6H6-1g,2026-08-01 10:00:00,0.8,605
DsWalbrzWyso-C6H6-1g,2026-08-01 09:00:00,1.93,605
DsWalbrzWyso-C6H6-1g,2026-08-01 08:00:00,,605
DsWalbrzWyso-C6H6-1g,2026-08-01 07:00:00,2.25,605
DsWalbrzWyso-C6H6-1g,2026-08-01 06:00:00,1.3,605
DsWalbrzWyso-C6H6-1g,2026-08-01 05:00:00,1.33,605
DsWalbrzWyso-NO-1g,2026-08-01 12:00:00,1.0,613
DsWalbrzWyso-NO-1g,2026-08-01 11:00:00,1.3,613
DsWalbrzWyso-NO-1g,2026-08-01 10:00:00,1.3,613
DsWalbrzWyso-NO-1g,2026-08-01 09:00:00,4.4,613
DsWalbrzWyso-NO-1g,2026-08-01 08:00:00,1.0,613
DsWalbrzWyso-NO-1g,2026-08-01 07:00:00,1.4,613
DsWalbrzWyso-NO-1g,2026-08-01 06:00:00,1.3,613
DsWalbrzWyso-NO-1g,2026-08-01 05:00:00,1.3,613
DsWalbrzWyso-NO2-1g,2026-08-01 12:00:00,2.4,614
DsWalbrzWyso-NO2-1g,2026-08-01 11:00:00,5.0,614
DsWalbrzWyso-NO2-1g,2026-08-01 10:00:00,4.6,614
DsWalbrzWyso-NO2-1g,2026-08-01 09:00:00,25.5,614
DsWalbrzWyso-NO2-1g,2026-08-01 08:00:00,10.2,614
DsWalbrzWyso-NO2-1g,2026-08-01 07:00:00,10.6,614
DsWalbrzWyso-NO2-1g,2026-08-01 06:00:00,8.9,614
DsWalbrzWyso-NO2-1g,2026-08-01 05:00:00,8.5,614
DsWalbrzWyso-NOx-1g,2026-08-01 12:00:00,4.0,615
DsWalbrzWyso-NOx-1g,2026-08-01 11:00:00,7.0,615
DsWalbrzWyso-NOx-1g,2026-08-01 10:00:00,6.6,615
DsWalbrzWyso-NOx-1g,2026-08-01 09:00:00,32.2,615
DsWalbrzWyso-NOx-1g,2026-08-01 08:00:00,11.8,615
DsWalbrzWyso-NOx-1g,2026-08-01 07:00:00,12.7,615
DsWalbrzWyso-NOx-1g,2026-08-01 06:00:00,10.8,615
DsWalbrzWyso-NOx-1g,2026-08-01 05:00:00,10.5,615
DsWalbrzWyso-O3-1g,2026-08-01 12:00:00,109.1,616
DsWalbrzWyso-O3-1g,2026-08-01 11:00:00,95.1,616
DsWalbrzWyso-O3-1g,2026-08-01 10:00:00,68.9,616
DsWalbrzWyso-O3-1g,2026-08-01 09:00:00,61.0,616
DsWalbrzWyso-O3-1g,2026-08-01 08:00:00,61.3,616
DsWalbrzWyso-O3-1g,2026-08-01 07:00:00,47.9,616
DsWalbrzWyso-O3-1g,2026-08-01 06:00:00,42.3,616
DsWalbrzWyso-O3-1g,2026-08-01 05:00:00,35.4,616
DsWalbrzWyso-PM10-1g,2026-08-01 12:00:00,17.6,618
DsWalbrzWyso-PM10-1g,2026-08-01 11:00:00,17.1,618
DsWalbrzWyso-PM10-1g,2026-08-01 10:00:00,15.5,618
DsWalbrzWyso-PM10-1g,2026-08-01 09:00:00,19.3,618
DsWalbrzWyso-PM10-1g,2026-08-01 08:00:00,16.6,618
DsWalbrzWyso-PM10-1g,2026-08-01 07:00:00,18.2,618
DsWalbrzWyso-PM10-1g,2026-08-01 06:00:00,16.4,618
DsWalbrzWyso-PM10-1g,2026-08-01 05:00:00,15.9,618
DsWalbrzWyso-SO2-1g,2026-08-01 12:00:00,11.9,621
DsWalbrzWyso-SO2-1g,2026-08-01 11:00:00,13.4,621
DsWalbrzWyso-SO2-1g,2026-08-01 10:00:00,10.0,621
DsWalbrzWyso-SO2-1g,2026-08-01 09:00:00,11.9,621
DsWalbrzWyso-SO2-1g,2026-08-01 08:00:00,11.4,621
DsWalbrzWyso-SO2-1g,2026-08-01 07:00:00,10.4,621
DsWalbrzWyso-SO2-1g,2026-08-01 06:00:00,9.9,621
DsWalbrzWyso-SO2-1g,2026-08-01 05:00:00,10.2,621
DsWalbrzWyso-PM2.5-1g,2026-08-01 12:00:00,12.1,32600
DsWalbrzWyso-PM2.5-1g,2026-08-01 11:00:00,12.0,32600
DsWalbrzWyso-PM2.5-1g,2026-08-01 10:00:00,11.4,32600
DsWalbrzWyso-PM2.5-1g,2026-08-01 09:00:00,14.8,32600
DsWalbrzWyso-PM2.5-1g,2026-08-01 08:00:00,12.3,32600
DsWalbrzWyso-PM2.5-1g,2026-08-01 07:00:00,13.6,32600
DsWalbrzWyso-PM2.5-1g,2026-08-01 06:00:00,11.9,32600
DsWalbrzWyso-PM2.5-1g,2026-08-01 05:00:00,11.8,32600
DsWrocBartni-NO-1g,2026-08-01 12:00:00,2.7,641
DsWrocBartni-NO-1g,2026-08-01 11:00:00,3.0,641
DsWrocBartni-NO-1g,2026-08-01 10:00:00,3.0,641
DsWrocBartni-NO-1g,2026-08-01 09:00:00,2.9,641
DsWrocBartni-NO-1g,2026-08-01 08:00:00,3.2,641
DsWrocBartni-NO-1g,2026-08-01 07:00:00,2.9,641
DsWrocBartni-NO-1g,2026-08-01 06:00:00,2.7,641
DsWrocBartni-NO-1g,2026-08-01 05:00:00,2.6,641
DsWrocBartni-NO2-1g,2026-08-01 12:00:00,4.0,642
DsWrocBartni-NO2-1g,2026-08-01 11:00:00,4.9,642
DsWrocBartni-NO2-1g,2026-08-01 10:00:00,4.9,642
DsWrocBartni-NO2-1g,2026-08-01 09:00:00,5.2,642
DsWrocBartni-NO2-1g,2026-08-01 08:00:00,5.6,642
DsWrocBartni-NO2-1g,2026-08-01 07:00:00,8.0,642
DsWrocBartni-NO2-1g,2026-08-01 06:00:00,7.4,642
DsWrocBartni-NO2-1g,2026-08-01 05:00:00,4.6,642
DsWrocBartni-NOx-1g,2026-08-01 12:00:00,8.1,643
DsWrocBartni-NOx-1g,2026-08-01 11:00:00,9.5,643
DsWrocBartni-NOx-1g,2026-08-01 10:00:00,9.5,643
DsWrocBartni-NOx-1g,2026-08-01 09:00:00,9.6,643
DsWrocBartni-NOx-1g,2026-08-01 08:00:00,10.5,643
DsWrocBartni-NOx-1g,2026-08-01 07:00:00,12.6,643
DsWrocBartni-NOx-1g,2026-08-01 06:00:00,11.5,643
DsWrocBartni-NOx-1g,2026-08-01 05:00:00,8.5,643
DsWrocBartni-O3-1g,2026-08-01 12:00:00,110.7,644
DsWrocBartni-O3-1g,2026-08-01 11:00:00,83.9,644
DsWrocBartni-O3-1g,2026-08-01 10:00:00,73.2,644
DsWrocBartni-O3-1g,2026-08-01 09:00:00,70.0,644
DsWrocBartni-O3-1g,2026-08-01 08:00:00,61.1,644
DsWrocBartni-O3-1g,2026-08-01 07:00:00,48.3,644
DsWrocBartni-O3-1g,2026-08-01 06:00:00,63.3,644
DsWrocBartni-O3-1g,2026-08-01 05:00:00,61.5,644
DsWrocWybCon-C6H6-1g,2026-08-01 12:00:00,0.14,658
DsWrocWybCon-C6H6-1g,2026-08-01 11:00:00,0.11,658
DsWrocWybCon-C6H6-1g,2026-08-01 10:00:00,0.1,658
DsWrocWybCon-C6H6-1g,2026-08-01 09:00:00,0.12,658
DsWrocWybCon-C6H6-1g,2026-08-01 08:00:00,0.11,658
DsWrocWybCon-C6H6-1g,2026-08-01 07:00:00,0.12,658
DsWrocWybCon-C6H6-1g,2026-08-01 06:00:00,0.1,658
DsWrocWybCon-C6H6-1g,2026-08-01 05:00:00,0.1,658
DsWrocWybCon-CO-1g,2026-08-01 12:00:00,373.0,660
DsWrocWybCon-CO-1g,2026-08-01 11:00:00,400.0,660
DsWrocWybCon-CO-1g,2026-08-01 10:00:00,382.0,660
DsWrocWybCon-CO-1g,2026-08-01 09:00:00,372.0,660
DsWrocWybCon-CO-1g,2026-08-01 08:00:00,377.0,660
DsWrocWybCon-CO-1g,2026-08-01 07:00:00,392.0,660
DsWrocWybCon-CO-1g,2026-08-01 06:00:00,372.0,660
DsWrocWybCon-CO-1g,2026-08-01 05:00:00,375.0,660
DsWrocWybCon-NO-1g,2026-08-01 12:00:00,2.7,664
DsWrocWybCon-NO-1g,2026-08-01 11:00:00,3.0,664
DsWrocWybCon-NO-1g,2026-08-01 10:00:00,2.6,664
DsWrocWybCon-NO-1g,2026-08-01 09:00:00,1.8,664
DsWrocWybCon-NO-1g,2026-08-01 08:00:00,2.7,664
DsWrocWybCon-NO-1g,2026-08-01 07:00:00,2.4,664
DsWrocWybCon-NO-1g,2026-08-01 06:00:00,2.6,664
DsWrocWybCon-NO-1g,2026-08-01 05:00:00,2.2,664
DsWrocWybCon-NO2-1g,2026-08-01 12:00:00,12.6,665
DsWrocWybCon-NO2-1g,2026-08-01 11:00:00,15.1,665
DsWrocWybCon-NO2-1g,2026-08-01 10:00:00,11.6,665
DsWrocWybCon-NO2-1g,2026-08-01 09:00:00,12.1,665
DsWrocWybCon-NO2-1g,2026-08-01 08:00:00,12.9,665
DsWrocWybCon-NO2-1g,2026-08-01 07:00:00,13.4,665
DsWrocWybCon-NO2-1g,2026-08-01 06:00:00,10.7,665
DsWrocWybCon-NO2-1g,2026-08-01 05:00:00,7.7,665
DsWrocWybCon-NOx-1g,2026-08-01 12:00:00,16.8,666
DsWrocWybCon-NOx-1g,2026-08-01 11:00:00,19.8,666
DsWrocWybCon-NOx-1g,2026-08-01 10:00:00,15.6,666
DsWrocWybCon-NOx-1g,2026-08-01 09:00:00,14.8,666
DsWrocWybCon-NOx-1g,2026-08-01 08:00:00,17.0,666
DsWrocWybCon-NOx-1g,2026-08-01 07:00:00,17.1,666
DsWrocWybCon-NOx-1g,2026-08-01 06:00:00,14.6,666
DsWrocWybCon-NOx-1g,2026-08-01 05:00:00,11.1,666
DsWrocWybCon-O3-1g,2026-08-01 12:00:00,87.3,667
DsWrocWybCon-O3-1g,2026-08-01 11:00:00,73.3,667
DsWrocWybCon-O3-1g,2026-08-01 10:00:00,69.9,667
DsWrocWybCon-O3-1g,2026-08-01 09:00:00,75.1,667
DsWrocWybCon-O3-1g,2026-08-01 08:00:00,59.8,667
DsWrocWybCon-O3-1g,2026-08-01 07:00:00,58.0,667
DsWrocWybCon-O3-1g,2026-08-01 06:00:00,62.6,667
DsWrocWybCon-O3-1g,2026-08-01 05:00:00,69.5,667
DsWrocWybCon-PM2.5-1g,2026-08-01 12:00:00,20.0,670
DsWrocWybCon-PM2.5-1g,2026-08-01 11:00:00,18.6,670
DsWrocWybCon-PM2.5-1g,2026-08-01 10:00:00,18.3,670
DsWrocWybCon-PM2.5-1g,2026-08-01 09:00:00,18.8,670
DsWrocWybCon-PM2.5-1g,2026-08-01 08:00:00,18.2,670
DsWrocWybCon-PM2.5-1g,2026-08-01 07:00:00,18.1,670
DsWrocWybCon-PM2.5-1g,2026-08-01 06:00:00,18.0,670
DsWrocWybCon-PM2.5-1g,2026-08-01 05:00:00,18.4,670
DsWrocWybCon-SO2-1g,2026-08-01 12:00:00,8.9,672
DsWrocWybCon-SO2-1g,2026-08-01 11:00:00,7.8,672
DsWrocWybCon-SO2-1g,2026-08-01 10:00:00,8.1,672
DsWrocWybCon-SO2-1g,2026-08-01 09:00:00,7.9,672
DsWrocWybCon-SO2-1g,2026-08-01 08:00:00,7.5,672
DsWrocWybCon-SO2-1g,2026-08-01 07:00:00,7.1,672
DsWrocWybCon-SO2-1g,2026-08-01 06:00:00,7.2,672
DsWrocWybCon-SO2-1g,2026-08-01 05:00:00,7.4,672
DsWrocAlWisn-CO-1g,2026-08-01 12:00:00,553.0,737
DsWrocAlWisn-CO-1g,2026-08-01 11:00:00,609.0,737
DsWrocAlWisn-CO-1g,2026-08-01 10:00:00,623.0,737
DsWrocAlWisn-CO-1g,2026-08-01 09:00:00,546.0,737
DsWrocAlWisn-CO-1g,2026-08-01 08:00:00,518.0,737
DsWrocAlWisn-CO-1g,2026-08-01 07:00:00,520.0,737
DsWrocAlWisn-CO-1g,2026-08-01 06:00:00,497.0,737
DsWrocAlWisn-CO-1g,2026-08-01 05:00:00,458.0,737
DsWrocAlWisn-NO-1g,2026-08-01 12:00:00,11.6,739
DsWrocAlWisn-NO-1g,2026-08-01 11:00:00,18.9,739
DsWrocAlWisn-NO-1g,2026-08-01 10:00:00,25.3,739
DsWrocAlWisn-NO-1g,2026-08-01 09:00:00,12.9,739
DsWrocAlWisn-NO-1g,2026-08-01 08:00:00,11.6,739
DsWrocAlWisn-NO-1g,2026-08-01 07:00:00,16.0,739
DsWrocAlWisn-NO-1g,2026-08-01 06:00:00,8.7,739
DsWrocAlWisn-NO-1g,2026-08-01 05:00:00,3.9,739
DsWrocAlWisn-NO2-1g,2026-08-01 12:00:00,28.5,740
DsWrocAlWisn-NO2-1g,2026-08-01 11:00:00,38.2,740
DsWrocAlWisn-NO2-1g,2026-08-01 10:00:00,39.3,740
DsWrocAlWisn-NO2-1g,2026-08-01 09:00:00,29.5,740
DsWrocAlWisn-NO2-1g,2026-08-01 08:00:00,28.8,740
DsWrocAlWisn-NO2-1g,2026-08-01 07:00:00,37.8,740
DsWrocAlWisn-NO2-1g,2026-08-01 06:00:00,26.9,740
DsWrocAlWisn-NO2-1g,2026-08-01 05:00:00,14.8,740
DsWrocAlWisn-NOx-1g,2026-08-01 12:00:00,46.2,741
DsWrocAlWisn-NOx-1g,2026-08-01 11:00:00,67.2,741
DsWrocAlWisn-NOx-1g,2026-08-01 10:00:00,78.0,741
DsWrocAlWisn-NOx-1g,2026-08-01 09:00:00,49.3,741
DsWrocAlWisn-NOx-1g,2026-08-01 08:00:00,46.6,741
DsWrocAlWisn-NOx-1g,2026-08-01 07:00:00,62.3,741
DsWrocAlWisn-NOx-1g,2026-08-01 06:00:00,40.2,741
DsWrocAlWisn-NOx-1g,2026-08-01 05:00:00,20.8,741
DsWrocAlWisn-PM2.5-1g,2026-08-01 12:00:00,18.0,744
DsWrocAlWisn-PM2.5-1g,2026-08-01 11:00:00,18.7,744
DsWrocAlWisn-PM2.5-1g,2026-08-01 10:00:00,18.7,744
DsWrocAlWisn-PM2.5-1g,2026-08-01 09:00:00,18.5,744
DsWrocAlWisn-PM2.5-1g,2026-08-01 08:00:00,17.5,744
DsWrocAlWisn-PM2.5-1g,2026-08-01 07:00:00,18.4,744
DsWrocAlWisn-PM2.5-1g,2026-08-01 06:00:00,17.8,744
DsWrocAlWisn-PM2.5-1g,2026-08-01 05:00:00,17.8,744
KpGrudPilsud-NO-1g,2026-08-01 12:00:00,,808
KpGrudPilsud-NO-1g,2026-08-01 11:00:00,,808
KpGrudPilsud-NO-1g,2026-08-01 10:00:00,,808
KpGrudPilsud-NO-1g,2026-08-01 09:00:00,,808
KpGrudPilsud-NO-1g,2026-08-01 08:00:00,,808
KpGrudPilsud-NO-1g,2026-08-01 07:00:00,,808
KpGrudPilsud-NO-1g,2026-08-01 06:00:00,,808
KpGrudPilsud-NO-1g,2026-08-01 05:00:00,,808
KpGrudPilsud-NO2-1g,2026-08-01 12:00:00,,809
KpGrudPilsud-NO2-1g,2026-08-01 11:00:00,,809
KpGrudPilsud-NO2-1g,2026-08-01 10:00:00,,809
KpGrudPilsud-NO2-1g,2026-08-01 09:00:00,,809
KpGrudPilsud-NO2-1g,2026-08-01 08:00:00,,809
KpGrudPilsud-NO2-1g,2026-08-01 07:00:00,,809
KpGrudPilsud-NO2-1g,2026-08-01 06:00:00,,809
KpGrudPilsud-NO2-1g,2026-08-01 05:00:00,,809
KpGrudPilsud-NOx-1g,2026-08-01 12:00:00,,810
KpGrudPilsud-NOx-1g,2026-08-01 11:00:00,,810
KpGrudPilsud-NOx-1g,2026-08-01 10:00:00,,810
KpGrudPilsud-NOx-1g,2026-08-01 09:00:00,,810
KpGrudPilsud-NOx-1g,2026-08-01 08:00:00,,810
KpGrudPilsud-NOx-1g,2026-08-01 07:00:00,,810
KpGrudPilsud-NOx-1g,2026-08-01 06:00:00,,810
KpGrudPilsud-NOx-1g,2026-08-01 05:00:00,,810
KpGrudPilsud-PM10-1g,2026-08-01 12:00:00,,812
KpGrudPilsud-PM10-1g,2026-08-01 11:00:00,,812
KpGrudPilsud-PM10-1g,2026-08-01 10:00:00,,812
KpGrudPilsud-PM10-1g,2026-08-01 09:00:00,,812
KpGrudPilsud-PM10-1g,2026-08-01 08:00:00,,812
KpGrudPilsud-PM10-1g,2026-08-01 07:00:00,,812
KpGrudPilsud-PM10-1g,2026-08-01 06:00:00,,812
KpGrudPilsud-PM10-1g,2026-08-01 05:00:00,,812
KpInowSolank-PM10-1g,2026-08-01 12:00:00,9.1,828
KpInowSolank-PM10-1g,2026-08-01 11:00:00,8.3,828
KpInowSolank-PM10-1g,2026-08-01 10:00:00,4.5,828
KpInowSolank-PM10-1g,2026-08-01 09:00:00,3.1,828
KpInowSolank-PM10-1g,2026-08-01 08:00:00,3.3,828
KpInowSolank-PM10-1g,2026-08-01 07:00:00,3.3,828
KpInowSolank-PM10-1g,2026-08-01 06:00:00,3.9,828
KpInowSolank-PM10-1g,2026-08-01 05:00:00,5.3,828
KpToruWSikor-PM10-1g,2026-08-01 12:00:00,4.8,853
KpToruWSikor-PM10-1g,2026-08-01 11:00:00,5.0,853
KpToruWSikor-PM10-1g,2026-08-01 10:00:00,5.1,853
KpToruWSikor-PM10-1g,2026-08-01 09:00:00,5.3,853
KpToruWSikor-PM10-1g,2026-08-01 08:00:00,5.4,853
KpToruWSikor-PM10-1g,2026-08-01 07:00:00,5.4,853
KpToruWSikor-PM10-1g,2026-08-01 06:00:00,5.2,853
KpToruWSikor-PM10-1g,2026-08-01 05:00:00,4.8,853
DsCzerStraza-NO-1g,2026-08-01 21:00:00,,49
DsCzerStraza-NO-1g,2026-08-01 20:00:00,0.9,49
DsCzerStraza-NO-1g,2026-08-01 19:00:00,0.8,49
DsCzerStraza-NO-1g,2026-08-01 18:00:00,0.9,49
DsCzerStraza-NO-1g,2026-08-01 17:00:00,0.8,49
DsCzerStraza-NO-1g,2026-08-01 16:00:00,0.9,49
DsCzerStraza-NO-1g,2026-08-01 15:00:00,0.9,49
DsCzerStraza-NO-1g,2026-08-01 14:00:00,1.2,49
DsCzerStraza-NO-1g,2026-08-01 13:00:00,1.1,49
DsCzerStraza-NO2-1g,2026-08-01 21:00:00,,50
DsCzerStraza-NO2-1g,2026-08-01 20:00:00,4.7,50
DsCzerStraza-NO2-1g,2026-08-01 19:00:00,3.6,50
DsCzerStraza-NO2-1g,2026-08-01 18:00:00,4.1,50
DsCzerStraza-NO2-1g,2026-08-01 17:00:00,5.1,50
DsCzerStraza-NO2-1g,2026-08-01 16:00:00,5.6,50
DsCzerStraza-NO2-1g,2026-08-01 15:00:00,6.0,50
DsCzerStraza-NO2-1g,2026-08-01 14:00:00,5.8,50
DsCzerStraza-NO2-1g,2026-08-01 13:00:00,5.3,50
DsCzerStraza-NOx-1g,2026-08-01 21:00:00,,51
DsCzerStraza-NOx-1g,2026-08-01 20:00:00,6.1,51
DsCzerStraza-NOx-1g,2026-08-01 19:00:00,4.9,51
DsCzerStraza-NOx-1g,2026-08-01 18:00:00,5.5,51
DsCzerStraza-NOx-1g,2026-08-01 17:00:00,6.3,51
DsCzerStraza-NOx-1g,2026-08-01 16:00:00,7.0,51
DsCzerStraza-NOx-1g,2026-08-01 15:00:00,7.3,51
DsCzerStraza-NOx-1g,2026-08-01 14:00:00,7.6,51
DsCzerStraza-NOx-1g,2026-08-01 13:00:00,6.9,51
DsCzerStraza-O3-1g,2026-08-01 21:00:00,,52
DsCzerStraza-O3-1g,2026-08-01 20:00:00,100.2,52
DsCzerStraza-O3-1g,2026-08-01 19:00:00,103.7,52
DsCzerStraza-O3-1g,2026-08-01 18:00:00,93.5,52
DsCzerStraza-O3-1g,2026-08-01 17:00:00,95.8,52
DsCzerStraza-O3-1g,2026-08-01 16:00:00,108.3,52
DsCzerStraza-O3-1g,2026-08-01 15:00:00,98.1,52
DsCzerStraza-O3-1g,2026-08-01 14:00:00,92.4,52
DsCzerStraza-O3-1g,2026-08-01 13:00:00,101.9,52
DsCzerStraza-PM10-1g,2026-08-01 21:00:00,,54
DsCzerStraza-PM10-1g,2026-08-01 20:00:00,,54
DsCzerStraza-PM10-1g,2026-08-01 19:00:00,8.9,54
DsCzerStraza-PM10-1g,2026-08-01 18:00:00,11.3,54
DsCzerStraza-PM10-1g,2026-08-01 17:00:00,24.9,54
DsCzerStraza-PM10-1g,2026-08-01 16:00:00,19.3,54
DsCzerStraza-PM10-1g,2026-08-01 15:00:00,24.0,54
DsCzerStraza-PM10-1g,2026-08-01 14:00:00,22.8,54
DsCzerStraza-PM10-1g,2026-08-01 13:00:00,27.0,54
DsDziePilsud-PM10-1g,2026-08-01 21:00:00,,101
DsDziePilsud-PM10-1g,2026-08-01 20:00:00,,101
DsDziePilsud-PM10-1g,2026-08-01 19:00:00,19.1,101
DsDziePilsud-PM10-1g,2026-08-01 18:00:00,24.0,101
DsDziePilsud-PM10-1g,2026-08-01 17:00:00,36.7,101
DsDziePilsud-PM10-1g,2026-08-01 16:00:00,32.0,101
DsDziePilsud-PM10-1g,2026-08-01 15:00:00,27.9,101
DsDziePilsud-PM10-1g,2026-08-01 14:00:00,17.1,101
DsDziePilsud-PM10-1g,2026-08-01 13:00:00,11.9,101
DsKlodzSzkol-NO-1g,2026-08-01 21:00:00,,220
DsKlodzSzkol-NO-1g,2026-08-01 20:00:00,0.6,220
DsKlodzSzkol-NO-1g,2026-08-01 19:00:00,0.6,220
DsKlodzSzkol-NO-1g,2026-08-01 18:00:00,0.5,220
DsKlodzSzkol-NO-1g,2026-08-01 17:00:00,0.4,220
DsKlodzSzkol-NO-1g,2026-08-01 16:00:00,0.5,220
DsKlodzSzkol-NO-1g,2026-08-01 15:00:00,0.5,220
DsKlodzSzkol-NO-1g,2026-08-01 14:00:00,0.3,220
DsKlodzSzkol-NO-1g,2026-08-01 13:00:00,0.4,220
DsKlodzSzkol-NO2-1g,2026-08-01 21:00:00,,221
DsKlodzSzkol-NO2-1g,2026-08-01 20:00:00,8.1,221
DsKlodzSzkol-NO2-1g,2026-08-01 19:00:00,9.4,221
DsKlodzSzkol-NO2-1g,2026-08-01 18:00:00,10.5,221
DsKlodzSzkol-NO2-1g,2026-08-01 17:00:00,9.0,221
DsKlodzSzkol-NO2-1g,2026-08-01 16:00:00,7.5,221
DsKlodzSzkol-NO2-1g,2026-08-01 15:00:00,4.3,221
DsKlodzSzkol-NO2-1g,2026-08-01 14:00:00,3.4,221
DsKlodzSzkol-NO2-1g,2026-08-01 13:00:00,3.5,221
DsKlodzSzkol-NOx-1g,2026-08-01 21:00:00,,222
DsKlodzSzkol-NOx-1g,2026-08-01 20:00:00,9.0,222
DsKlodzSzkol-NOx-1g,2026-08-01 19:00:00,10.4,222
DsKlodzSzkol-NOx-1g,2026-08-01 18:00:00,11.3,222
DsKlodzSzkol-NOx-1g,2026-08-01 17:00:00,9.6,222
DsKlodzSzkol-NOx-1g,2026-08-01 16:00:00,8.3,222
DsKlodzSzkol-NOx-1g,2026-08-01 15:00:00,5.1,222
DsKlodzSzkol-NOx-1g,2026-08-01 14:00:00,3.9,222
DsKlodzSzkol-NOx-1g,2026-08-01 13:00:00,4.1,222
DsKlodzSzkol-O3-1g,2026-08-01 21:00:00,,223
DsKlodzSzkol-O3-1g,2026-08-01 20:00:00,91.7,223
DsKlodzSzkol-O3-1g,2026-08-01 19:00:00,99.7,223
DsKlodzSzkol-O3-1g,2026-08-01 18:00:00,110.0,223
DsKlodzSzkol-O3-1g,2026-08-01 17:00:00,137.4,223
DsKlodzSzkol-O3-1g,2026-08-01 16:00:00,146.8,223
DsKlodzSzkol-O3-1g,2026-08-01 15:00:00,146.8,223
DsKlodzSzkol-O3-1g,2026-08-01 14:00:00,137.1,223
DsKlodzSzkol-O3-1g,2026-08-01 13:00:00,118.9,223
DsKlodzSzkol-PM10-1g,2026-08-01 21:00:00,,224
DsKlodzSzkol-PM10-1g,2026-08-01 20:00:00,35.7,224
DsKlodzSzkol-PM10-1g,2026-08-01 19:00:00,39.4,224
DsKlodzSzkol-PM10-1g,2026-08-01 18:00:00,37.2,224
DsKlodzSzkol-PM10-1g,2026-08-01 17:00:00,25.1,224
DsKlodzSzkol-PM10-1g,2026-08-01 16:00:00,21.7,224
DsKlodzSzkol-PM10-1g,2026-08-01 15:00:00,21.4,224
DsKlodzSzkol-PM10-1g,2026-08-01 14:00:00,23.4,224
DsKlodzSzkol-PM10-1g,2026-08-01 13:00:00,24.4,224
DsKlodzSzkol-PM2.5-1g,2026-08-01 21:00:00,,25988
DsKlodzSzkol-PM2.5-1g,2026-08-01 20:00:00,27.7,25988
DsKlodzSzkol-PM2.5-1g,2026-08-01 19:00:00,30.7,25988
DsKlodzSzkol-PM2.5-1g,2026-08-01 18:00:00,28.2,25988
DsKlodzSzkol-PM2.5-1g,2026-08-01 17:00:00,17.1,25988
DsKlodzSzkol-PM2.5-1g,2026-08-01 16:00:00,15.6,25988
DsKlodzSzkol-PM2.5-1g,2026-08-01 15:00:00,15.5,25988
DsKlodzSzkol-PM2.5-1g,2026-08-01 14:00:00,16.5,25988
DsKlodzSzkol-PM2.5-1g,2026-08-01 13:00:00,17.6,25988
DsLegAlRzecz-C6H6-1g,2026-08-01 21:00:00,,282
DsLegAlRzecz-C6H6-1g,2026-08-01 20:00:00,0.13,282
DsLegAlRzecz-C6H6-1g,2026-08-01 19:00:00,0.14,282
DsLegAlRzecz-C6H6-1g,2026-08-01 18:00:00,0.16,282
DsLegAlRzecz-C6H6-1g,2026-08-01 17:00:00,0.14,282
DsLegAlRzecz-C6H6-1g,2026-08-01 16:00:00,0.14,282
DsLegAlRzecz-C6H6-1g,2026-08-01 15:00:00,0.15,282
DsLegAlRzecz-C6H6-1g,2026-08-01 14:00:00,0.19,282
DsLegAlRzecz-C6H6-1g,2026-08-01 13:00:00,0.17,282
DsLegAlRzecz-NO-1g,2026-08-01 21:00:00,,290
DsLegAlRzecz-NO-1g,2026-08-01 20:00:00,0.3,290
DsLegAlRzecz-NO-1g,2026-08-01 19:00:00,0.3,290
DsLegAlRzecz-NO-1g,2026-08-01 18:00:00,0.8,290
DsLegAlRzecz-NO-1g,2026-08-01 17:00:00,0.6,290
DsLegAlRzecz-NO-1g,2026-08-01 16:00:00,0.5,290
DsLegAlRzecz-NO-1g,2026-08-01 15:00:00,0.6,290
DsLegAlRzecz-NO-1g,2026-08-01 14:00:00,0.6,290
DsLegAlRzecz-NO-1g,2026-08-01 13:00:00,0.7,290
DsLegAlRzecz-NO2-1g,2026-08-01 21:00:00,,291
DsLegAlRzecz-NO2-1g,2026-08-01 20:00:00,8.6,291
DsLegAlRzecz-NO2-1g,2026-08-01 19:00:00,9.3,291
DsLegAlRzecz-NO2-1g,2026-08-01 18:00:00,12.2,291
DsLegAlRzecz-NO2-1g,2026-08-01 17:00:00,11.1,291
DsLegAlRzecz-NO2-1g,2026-08-01 16:00:00,8.8,291
DsLegAlRzecz-NO2-1g,2026-08-01 15:00:00,8.5,291
DsLegAlRzecz-NO2-1g,2026-08-01 14:00:00,7.4,291
DsLegAlRzecz-NO2-1g,2026-08-01 13:00:00,8.8,291
DsLegAlRzecz-NOx-1g,2026-08-01 21:00:00,,292
DsLegAlRzecz-NOx-1g,2026-08-01 20:00:00,9.1,292
DsLegAlRzecz-NOx-1g,2026-08-01 19:00:00,9.8,292
DsLegAlRzecz-NOx-1g,2026-08-01 18:00:00,13.4,292
DsLegAlRzecz-NOx-1g,2026-08-01 17:00:00,11.9,292
DsLegAlRzecz-NOx-1g,2026-08-01 16:00:00,9.5,292
DsLegAlRzecz-NOx-1g,2026-08-01 15:00:00,9.4,292
DsLegAlRzecz-NOx-1g,2026-08-01 14:00:00,8.3,292
DsLegAlRzecz-NOx-1g,2026-08-01 13:00:00,9.9,292
DsLegAlRzecz-O3-1g,2026-08-01 21:00:00,,293
DsLegAlRzecz-O3-1g,2026-08-01 20:00:00,99.2,293
DsLegAlRzecz-O3-1g,2026-08-01 19:00:00,103.7,293
DsLegAlRzecz-O3-1g,2026-08-01 18:00:00,90.1,293
DsLegAlRzecz-O3-1g,2026-08-01 17:00:00,94.7,293
DsLegAlRzecz-O3-1g,2026-08-01 16:00:00,100.1,293
DsLegAlRzecz-O3-1g,2026-08-01 15:00:00,102.0,293
DsLegAlRzecz-O3-1g,2026-08-01 14:00:00,108.8,293
DsLegAlRzecz-O3-1g,2026-08-01 13:00:00,123.0,293
DsLegAlRzecz-SO2-1g,2026-08-01 21:00:00,,297
DsLegAlRzecz-SO2-1g,2026-08-01 20:00:00,6.4,297
DsLegAlRzecz-SO2-1g,2026-08-01 19:00:00,6.6,297
DsLegAlRzecz-SO2-1g,2026-08-01 18:00:00,7.1,297
DsLegAlRzecz-SO2-1g,2026-08-01 17:00:00,6.7,297
DsLegAlRzecz-SO2-1g,2026-08-01 16:00:00,7.3,297
DsLegAlRzecz-SO2-1g,2026-08-01 15:00:00,7.5,297
DsLegAlRzecz-SO2-1g,2026-08-01 14:00:00,7.9,297
DsLegAlRzecz-SO2-1g,2026-08-01 13:00:00,9.6,297
DsLegAlRzecz-PM10-1g,2026-08-01 21:00:00,,14397
DsLegAlRzecz-PM10-1g,2026-08-01 20:00:00,10.5,14397
DsLegAlRzecz-PM10-1g,2026-08-01 19:00:00,13.6,14397
DsLegAlRzecz-PM10-1g,2026-08-01 18:00:00,19.6,14397
DsLegAlRzecz-PM10-1g,2026-08-01 17:00:00,25.5,14397
DsLegAlRzecz-PM10-1g,2026-08-01 16:00:00,27.9,14397
DsLegAlRzecz-PM10-1g,2026-08-01 15:00:00,32.7,14397
DsLegAlRzecz-PM10-1g,2026-08-01 14:00:00,33.2,14397
DsLegAlRzecz-PM10-1g,2026-08-01 13:00:00,27.1,14397
DsLegAlRzecz-PM2.5-1g,2026-08-01 21:00:00,,32560
DsLegAlRzecz-PM2.5-1g,2026-08-01 20:00:00,8.2,32560
DsLegAlRzecz-PM2.5-1g,2026-08-01 19:00:00,10.3,32560
DsLegAlRzecz-PM2.5-1g,2026-08-01 18:00:00,15.1,32560
DsLegAlRzecz-PM2.5-1g,2026-08-01 17:00:00,19.2,32560
DsLegAlRzecz-PM2.5-1g,2026-08-01 16:00:00,21.1,32560
DsLegAlRzecz-PM2.5-1g,2026-08-01 15:00:00,23.7,32560
DsLegAlRzecz-PM2.5-1g,2026-08-01 14:00:00,23.5,32560
DsLegAlRzecz-PM2.5-1g,2026-08-01 13:00:00,17.4,32560
DsOlawZolnAK-NO-1g,2026-08-01 21:00:00,,396
DsOlawZolnAK-NO-1g,2026-08-01 20:00:00,0.8,396
DsOlawZolnAK-NO-1g,2026-08-01 19:00:00,0.9,396
DsOlawZolnAK-NO-1g,2026-08-01 18:00:00,0.6,396
DsOlawZolnAK-NO-1g,2026-08-01 17:00:00,0.9,396
DsOlawZolnAK-NO-1g,2026-08-01 16:00:00,1.0,396
DsOlawZolnAK-NO-1g,2026-08-01 15:00:00,0.9,396
DsOlawZolnAK-NO-1g,2026-08-01 14:00:00,0.9,396
DsOlawZolnAK-NO-1g,2026-08-01 13:00:00,1.2,396
DsOlawZolnAK-NO2-1g,2026-08-01 21:00:00,,397
DsOlawZolnAK-NO2-1g,2026-08-01 20:00:00,5.3,397
DsOlawZolnAK-NO2-1g,2026-08-01 19:00:00,6.1,397
DsOlawZolnAK-NO2-1g,2026-08-01 18:00:00,6.3,397
DsOlawZolnAK-NO2-1g,2026-08-01 17:00:00,5.7,397
DsOlawZolnAK-NO2-1g,2026-08-01 16:00:00,6.7,397
DsOlawZolnAK-NO2-1g,2026-08-01 15:00:00,5.1,397
DsOlawZolnAK-NO2-1g,2026-08-01 14:00:00,4.9,397
DsOlawZolnAK-NO2-1g,2026-08-01 13:00:00,6.7,397
DsOlawZolnAK-NOx-1g,2026-08-01 21:00:00,,398
DsOlawZolnAK-NOx-1g,2026-08-01 20:00:00,6.6,398
DsOlawZolnAK-NOx-1g,2026-08-01 19:00:00,7.5,398
DsOlawZolnAK-NOx-1g,2026-08-01 18:00:00,7.2,398
DsOlawZolnAK-NOx-1g,2026-08-01 17:00:00,7.0,398
DsOlawZolnAK-NOx-1g,2026-08-01 16:00:00,8.1,398
DsOlawZolnAK-NOx-1g,2026-08-01 15:00:00,6.5,398
DsOlawZolnAK-NOx-1g,2026-08-01 14:00:00,6.2,398
DsOlawZolnAK-NOx-1g,2026-08-01 13:00:00,8.5,398
DsOlawZolnAK-PM10-1g,2026-08-01 21:00:00,,400
DsOlawZolnAK-PM10-1g,2026-08-01 20:00:00,14.5,400
DsOlawZolnAK-PM10-1g,2026-08-01 19:00:00,22.0,400
DsOlawZolnAK-PM10-1g,2026-08-01 18:00:00,27.0,400
DsOlawZolnAK-PM10-1g,2026-08-01 17:00:00,29.9,400
DsOlawZolnAK-PM10-1g,2026-08-01 16:00:00,21.9,400
DsOlawZolnAK-PM10-1g,2026-08-01 15:00:00,21.5,400
DsOlawZolnAK-PM10-1g,2026-08-01 14:00:00,22.4,400
DsOlawZolnAK-PM10-1g,2026-08-01 13:00:00,22.1,400
DsOlawZolnAK-O3-1g,2026-08-01 21:00:00,,20214
DsOlawZolnAK-O3-1g,2026-08-01 20:00:00,103.5,20214
DsOlawZolnAK-O3-1g,2026-08-01 19:00:00,97.2,20214
DsOlawZolnAK-O3-1g,2026-08-01 18:00:00,96.4,20214
DsOlawZolnAK-O3-1g,2026-08-01 17:00:00,111.7,20214
DsOlawZolnAK-O3-1g,2026-08-01 16:00:00,130.9,20214
DsOlawZolnAK-O3-1g,2026-08-01 15:00:00,146.6,20214
DsOlawZolnAK-O3-1g,2026-08-01 14:00:00,149.9,20214
DsOlawZolnAK-O3-1g,2026-08-01 13:00:00,146.7,20214
DsOlawZolnAK-PM2.5-1g,2026-08-01 21:00:00,,32613
DsOlawZolnAK-PM2.5-1g,2026-08-01 20:00:00,10.0,32613
DsOlawZolnAK-PM2.5-1g,2026-08-01 19:00:00,14.8,32613
DsOlawZolnAK-PM2.5-1g,2026-08-01 18:00:00,17.8,32613
DsOlawZolnAK-PM2.5-1g,2026-08-01 17:00:00,19.2,32613
DsOlawZolnAK-PM2.5-1g,2026-08-01 16:00:00,14.5,32613
DsOlawZolnAK-PM2.5-1g,2026-08-01 15:00:00,14.0,32613
DsOlawZolnAK-PM2.5-1g,2026-08-01 14:00:00,14.6,32613
DsOlawZolnAK-PM2.5-1g,2026-08-01 13:00:00,14.4,32613
DsWalbrzWyso-C6H6-1g,2026-08-01 21:00:00,,605
DsWalbrzWyso-C6H6-1g,2026-08-01 20:00:00,0.15,605
DsWalbrzWyso-C6H6-1g,2026-08-01 19:00:00,0.16,605
DsWalbrzWyso-C6H6-1g,2026-08-01 18:00:00,0.17,605
DsWalbrzWyso-C6H6-1g,2026-08-01 17:00:00,0.17,605
DsWalbrzWyso-C6H6-1g,2026-08-01 16:00:00,0.19,605
DsWalbrzWyso-C6H6-1g,2026-08-01 15:00:00,0.36,605
DsWalbrzWyso-C6H6-1g,2026-08-01 14:00:00,0.33,605
DsWalbrzWyso-C6H6-1g,2026-08-01 13:00:00,0.23,605
DsWalbrzWyso-NO-1g,2026-08-01 21:00:00,,613
DsWalbrzWyso-NO-1g,2026-08-01 20:00:00,0.9,613
DsWalbrzWyso-NO-1g,2026-08-01 19:00:00,0.7,613
DsWalbrzWyso-NO-1g,2026-08-01 18:00:00,0.7,613
DsWalbrzWyso-NO-1g,2026-08-01 17:00:00,0.9,613
DsWalbrzWyso-NO-1g,2026-08-01 16:00:00,0.9,613
DsWalbrzWyso-NO-1g,2026-08-01 15:00:00,0.8,613
DsWalbrzWyso-NO-1g,2026-08-01 14:00:00,1.1,613
DsWalbrzWyso-NO-1g,2026-08-01 13:00:00,0.9,613
DsWalbrzWyso-NO2-1g,2026-08-01 21:00:00,,614
DsWalbrzWyso-NO2-1g,2026-08-01 20:00:00,3.7,614
DsWalbrzWyso-NO2-1g,2026-08-01 19:00:00,4.6,614
DsWalbrzWyso-NO2-1g,2026-08-01 18:00:00,5.6,614
DsWalbrzWyso-NO2-1g,2026-08-01 17:00:00,5.5,614
DsWalbrzWyso-NO2-1g,2026-08-01 16:00:00,4.5,614
DsWalbrzWyso-NO2-1g,2026-08-01 15:00:00,4.4,614
DsWalbrzWyso-NO2-1g,2026-08-01 14:00:00,4.2,614
DsWalbrzWyso-NO2-1g,2026-08-01 13:00:00,4.0,614
DsWalbrzWyso-NOx-1g,2026-08-01 21:00:00,,615
DsWalbrzWyso-NOx-1g,2026-08-01 20:00:00,5.1,615
DsWalbrzWyso-NOx-1g,2026-08-01 19:00:00,5.7,615
DsWalbrzWyso-NOx-1g,2026-08-01 18:00:00,6.7,615
DsWalbrzWyso-NOx-1g,2026-08-01 17:00:00,6.8,615
DsWalbrzWyso-NOx-1g,2026-08-01 16:00:00,5.8,615
DsWalbrzWyso-NOx-1g,2026-08-01 15:00:00,5.7,615
DsWalbrzWyso-NOx-1g,2026-08-01 14:00:00,5.9,615
DsWalbrzWyso-NOx-1g,2026-08-01 13:00:00,5.4,615
DsWalbrzWyso-O3-1g,2026-08-01 21:00:00,,616
DsWalbrzWyso-O3-1g,2026-08-01 20:00:00,94.4,616
DsWalbrzWyso-O3-1g,2026-08-01 19:00:00,98.8,616
DsWalbrzWyso-O3-1g,2026-08-01 18:00:00,106.9,616
DsWalbrzWyso-O3-1g,2026-08-01 17:00:00,106.9,616
DsWalbrzWyso-O3-1g,2026-08-01 16:00:00,107.1,616
DsWalbrzWyso-O3-1g,2026-08-01 15:00:00,116.0,616
DsWalbrzWyso-O3-1g,2026-08-01 14:00:00,126.9,616
DsWalbrzWyso-O3-1g,2026-08-01 13:00:00,118.3,616
DsWalbrzWyso-PM10-1g,2026-08-01 21:00:00,,618
DsWalbrzWyso-PM10-1g,2026-08-01 20:00:00,17.8,618
DsWalbrzWyso-PM10-1g,2026-08-01 19:00:00,23.6,618
DsWalbrzWyso-PM10-1g,2026-08-01 18:00:00,27.5,618
DsWalbrzWyso-PM10-1g,2026-08-01 17:00:00,27.4,618
DsWalbrzWyso-PM10-1g,2026-08-01 16:00:00,26.4,618
DsWalbrzWyso-PM10-1g,2026-08-01 15:00:00,23.3,618
DsWalbrzWyso-PM10-1g,2026-08-01 14:00:00,19.1,618
DsWalbrzWyso-PM10-1g,2026-08-01 13:00:00,21.0,618
DsWalbrzWyso-SO2-1g,2026-08-01 21:00:00,,621
DsWalbrzWyso-SO2-1g,2026-08-01 20:00:00,8.8,621
DsWalbrzWyso-SO2-1g,2026-08-01 19:00:00,9.6,621
DsWalbrzWyso-SO2-1g,2026-08-01 18:00:00,10.6,621
DsWalbrzWyso-SO2-1g,2026-08-01 17:00:00,11.1,621
DsWalbrzWyso-SO2-1g,2026-08-01 16:00:00,11.2,621
DsWalbrzWyso-SO2-1g,2026-08-01 15:00:00,12.2,621
DsWalbrzWyso-SO2-1g,2026-08-01 14:00:00,13.5,621
DsWalbrzWyso-SO2-1g,2026-08-01 13:00:00,12.3,621
DsWalbrzWyso-PM2.5-1g,2026-08-01 21:00:00,,32600
DsWalbrzWyso-PM2.5-1g,2026-08-01 20:00:00,13.8,32600
DsWalbrzWyso-PM2.5-1g,2026-08-01 19:00:00,18.3,32600
DsWalbrzWyso-PM2.5-1g,2026-08-01 18:00:00,20.7,32600
DsWalbrzWyso-PM2.5-1g,2026-08-01 17:00:00,20.6,32600
DsWalbrzWyso-PM2.5-1g,2026-08-01 16:00:00,18.4,32600
DsWalbrzWyso-PM2.5-1g,2026-08-01 15:00:00,15.0,32600
DsWalbrzWyso-PM2.5-1g,2026-08-01 14:00:00,13.2,32600
DsWalbrzWyso-PM2.5-1g,2026-08-01 13:00:00,13.6,32600
DsWrocBartni-NO-1g,2026-08-01 21:00:00,,641
DsWrocBartni-NO-1g,2026-08-01 20:00:00,0.3,641
DsWrocBartni-NO-1g,2026-08-01 19:00:00,0.5,641
DsWrocBartni-NO-1g,2026-08-01 18:00:00,0.7,641
DsWrocBartni-NO-1g,2026-08-01 17:00:00,0.6,641
DsWrocBartni-NO-1g,2026-08-01 16:00:00,0.9,641
DsWrocBartni-NO-1g,2026-08-01 15:00:00,0.7,641
DsWrocBartni-NO-1g,2026-08-01 14:00:00,1.2,641
DsWrocBartni-NO-1g,2026-08-01 13:00:00,2.1,641
DsWrocBartni-NO2-1g,2026-08-01 21:00:00,,642
DsWrocBartni-NO2-1g,2026-08-01 20:00:00,3.1,642
DsWrocBartni-NO2-1g,2026-08-01 19:00:00,2.8,642
DsWrocBartni-NO2-1g,2026-08-01 18:00:00,3.5,642
DsWrocBartni-NO2-1g,2026-08-01 17:00:00,3.0,642
DsWrocBartni-NO2-1g,2026-08-01 16:00:00,4.6,642
DsWrocBartni-NO2-1g,2026-08-01 15:00:00,5.9,642
DsWrocBartni-NO2-1g,2026-08-01 14:00:00,4.9,642
DsWrocBartni-NO2-1g,2026-08-01 13:00:00,4.0,642
DsWrocBartni-NOx-1g,2026-08-01 21:00:00,,643
DsWrocBartni-NOx-1g,2026-08-01 20:00:00,3.6,643
DsWrocBartni-NOx-1g,2026-08-01 19:00:00,3.5,643
DsWrocBartni-NOx-1g,2026-08-01 18:00:00,4.5,643
DsWrocBartni-NOx-1g,2026-08-01 17:00:00,3.9,643
DsWrocBartni-NOx-1g,2026-08-01 16:00:00,6.0,643
DsWrocBartni-NOx-1g,2026-08-01 15:00:00,7.0,643
DsWrocBartni-NOx-1g,2026-08-01 14:00:00,6.7,643
DsWrocBartni-NOx-1g,2026-08-01 13:00:00,7.1,643
DsWrocBartni-O3-1g,2026-08-01 21:00:00,,644
DsWrocBartni-O3-1g,2026-08-01 20:00:00,107.0,644
DsWrocBartni-O3-1g,2026-08-01 19:00:00,108.7,644
DsWrocBartni-O3-1g,2026-08-01 18:00:00,101.6,644
DsWrocBartni-O3-1g,2026-08-01 17:00:00,100.4,644
DsWrocBartni-O3-1g,2026-08-01 16:00:00,113.6,644
DsWrocBartni-O3-1g,2026-08-01 15:00:00,162.5,644
DsWrocBartni-O3-1g,2026-08-01 14:00:00,162.5,644
DsWrocBartni-O3-1g,2026-08-01 13:00:00,146.6,644
DsWrocWybCon-C6H6-1g,2026-08-01 21:00:00,,658
DsWrocWybCon-C6H6-1g,2026-08-01 20:00:00,0.06,658
DsWrocWybCon-C6H6-1g,2026-08-01 19:00:00,0.06,658
DsWrocWybCon-C6H6-1g,2026-08-01 18:00:00,0.06,658
DsWrocWybCon-C6H6-1g,2026-08-01 17:00:00,0.08,658
DsWrocWybCon-C6H6-1g,2026-08-01 16:00:00,0.1,658
DsWrocWybCon-C6H6-1g,2026-08-01 15:00:00,0.11,658
DsWrocWybCon-C6H6-1g,2026-08-01 14:00:00,0.14,658
DsWrocWybCon-C6H6-1g,2026-08-01 13:00:00,0.16,658
DsWrocWybCon-CO-1g,2026-08-01 21:00:00,,660
DsWrocWybCon-CO-1g,2026-08-01 20:00:00,362.0,660
DsWrocWybCon-CO-1g,2026-08-01 19:00:00,355.0,660
DsWrocWybCon-CO-1g,2026-08-01 18:00:00,349.0,660
DsWrocWybCon-CO-1g,2026-08-01 17:00:00,353.0,660
DsWrocWybCon-CO-1g,2026-08-01 16:00:00,337.0,660
DsWrocWybCon-CO-1g,2026-08-01 15:00:00,291.0,660
DsWrocWybCon-CO-1g,2026-08-01 14:00:00,283.0,660
DsWrocWybCon-CO-1g,2026-08-01 13:00:00,318.0,660
DsWrocWybCon-NO-1g,2026-08-01 21:00:00,,664
DsWrocWybCon-NO-1g,2026-08-01 20:00:00,1.1,664
DsWrocWybCon-NO-1g,2026-08-01 19:00:00,1.8,664
DsWrocWybCon-NO-1g,2026-08-01 18:00:00,1.5,664
DsWrocWybCon-NO-1g,2026-08-01 17:00:00,0.2,664
DsWrocWybCon-NO-1g,2026-08-01 16:00:00,1.3,664
DsWrocWybCon-NO-1g,2026-08-01 15:00:00,0.9,664
DsWrocWybCon-NO-1g,2026-08-01 14:00:00,1.2,664
DsWrocWybCon-NO-1g,2026-08-01 13:00:00,2.2,664
DsWrocWybCon-NO2-1g,2026-08-01 21:00:00,,665
DsWrocWybCon-NO2-1g,2026-08-01 20:00:00,5.0,665
DsWrocWybCon-NO2-1g,2026-08-01 19:00:00,6.7,665
DsWrocWybCon-NO2-1g,2026-08-01 18:00:00,6.2,665
DsWrocWybCon-NO2-1g,2026-08-01 17:00:00,5.5,665
DsWrocWybCon-NO2-1g,2026-08-01 16:00:00,5.5,665
DsWrocWybCon-NO2-1g,2026-08-01 15:00:00,6.2,665
DsWrocWybCon-NO2-1g,2026-08-01 14:00:00,6.7,665
DsWrocWybCon-NO2-1g,2026-08-01 13:00:00,12.3,665
DsWrocWybCon-NOx-1g,2026-08-01 21:00:00,,666
DsWrocWybCon-NOx-1g,2026-08-01 20:00:00,6.6,666
DsWrocWybCon-NOx-1g,2026-08-01 19:00:00,9.5,666
DsWrocWybCon-NOx-1g,2026-08-01 18:00:00,8.5,666
DsWrocWybCon-NOx-1g,2026-08-01 17:00:00,5.9,666
DsWrocWybCon-NOx-1g,2026-08-01 16:00:00,7.5,666
DsWrocWybCon-NOx-1g,2026-08-01 15:00:00,7.6,666
DsWrocWybCon-NOx-1g,2026-08-01 14:00:00,8.5,666
DsWrocWybCon-NOx-1g,2026-08-01 13:00:00,15.6,666
DsWrocWybCon-O3-1g,2026-08-01 21:00:00,,667
DsWrocWybCon-O3-1g,2026-08-01 20:00:00,93.3,667
DsWrocWybCon-O3-1g,2026-08-01 19:00:00,94.3,667
DsWrocWybCon-O3-1g,2026-08-01 18:00:00,89.4,667
DsWrocWybCon-O3-1g,2026-08-01 17:00:00,85.0,667
DsWrocWybCon-O3-1g,2026-08-01 16:00:00,97.5,667
DsWrocWybCon-O3-1g,2026-08-01 15:00:00,132.5,667
DsWrocWybCon-O3-1g,2026-08-01 14:00:00,143.3,667
DsWrocWybCon-O3-1g,2026-08-01 13:00:00,118.0,667
DsWrocWybCon-PM2.5-1g,2026-08-01 21:00:00,,670
DsWrocWybCon-PM2.5-1g,2026-08-01 20:00:00,11.8,670
DsWrocWybCon-PM2.5-1g,2026-08-01 19:00:00,14.6,670
DsWrocWybCon-PM2.5-1g,2026-08-01 18:00:00,19.0,670
DsWrocWybCon-PM2.5-1g,2026-08-01 17:00:00,21.3,670
DsWrocWybCon-PM2.5-1g,2026-08-01 16:00:00,22.2,670
DsWrocWybCon-PM2.5-1g,2026-08-01 15:00:00,19.4,670
DsWrocWybCon-PM2.5-1g,2026-08-01 14:00:00,18.9,670
DsWrocWybCon-PM2.5-1g,2026-08-01 13:00:00,19.2,670
DsWrocWybCon-SO2-1g,2026-08-01 21:00:00,,672
DsWrocWybCon-SO2-1g,2026-08-01 20:00:00,6.0,672
DsWrocWybCon-SO2-1g,2026-08-01 19:00:00,6.1,672
DsWrocWybCon-SO2-1g,2026-08-01 18:00:00,8.0,672
DsWrocWybCon-SO2-1g,2026-08-01 17:00:00,9.6,672
DsWrocWybCon-SO2-1g,2026-08-01 16:00:00,10.1,672
DsWrocWybCon-SO2-1g,2026-08-01 15:00:00,9.7,672
DsWrocWybCon-SO2-1g,2026-08-01 14:00:00,9.2,672
DsWrocWybCon-SO2-1g,2026-08-01 13:00:00,9.6,672
DsWrocAlWisn-CO-1g,2026-08-01 21:00:00,,737
DsWrocAlWisn-CO-1g,2026-08-01 20:00:00,508.0,737
DsWrocAlWisn-CO-1g,2026-08-01 19:00:00,529.0,737
DsWrocAlWisn-CO-1g,2026-08-01 18:00:00,569.0,737
DsWrocAlWisn-CO-1g,2026-08-01 17:00:00,556.0,737
DsWrocAlWisn-CO-1g,2026-08-01 16:00:00,549.0,737
DsWrocAlWisn-CO-1g,2026-08-01 15:00:00,562.0,737
DsWrocAlWisn-CO-1g,2026-08-01 14:00:00,515.0,737
DsWrocAlWisn-CO-1g,2026-08-01 13:00:00,515.0,737
DsWrocAlWisn-NO-1g,2026-08-01 21:00:00,,739
DsWrocAlWisn-NO-1g,2026-08-01 20:00:00,10.8,739
DsWrocAlWisn-NO-1g,2026-08-01 19:00:00,12.7,739
DsWrocAlWisn-NO-1g,2026-08-01 18:00:00,15.5,739
DsWrocAlWisn-NO-1g,2026-08-01 17:00:00,12.8,739
DsWrocAlWisn-NO-1g,2026-08-01 16:00:00,10.0,739
DsWrocAlWisn-NO-1g,2026-08-01 15:00:00,10.0,739
DsWrocAlWisn-NO-1g,2026-08-01 14:00:00,7.9,739
DsWrocAlWisn-NO-1g,2026-08-01 13:00:00,8.2,739
DsWrocAlWisn-NO2-1g,2026-08-01 21:00:00,,740
DsWrocAlWisn-NO2-1g,2026-08-01 20:00:00,19.8,740
DsWrocAlWisn-NO2-1g,2026-08-01 19:00:00,26.7,740
DsWrocAlWisn-NO2-1g,2026-08-01 18:00:00,25.7,740
DsWrocAlWisn-NO2-1g,2026-08-01 17:00:00,25.4,740
DsWrocAlWisn-NO2-1g,2026-08-01 16:00:00,23.6,740
DsWrocAlWisn-NO2-1g,2026-08-01 15:00:00,33.6,740
DsWrocAlWisn-NO2-1g,2026-08-01 14:00:00,25.5,740
DsWrocAlWisn-NO2-1g,2026-08-01 13:00:00,26.4,740
DsWrocAlWisn-NOx-1g,2026-08-01 21:00:00,,741
DsWrocAlWisn-NOx-1g,2026-08-01 20:00:00,36.3,741
DsWrocAlWisn-NOx-1g,2026-08-01 19:00:00,46.1,741
DsWrocAlWisn-NOx-1g,2026-08-01 18:00:00,49.5,741
DsWrocAlWisn-NOx-1g,2026-08-01 17:00:00,45.0,741
DsWrocAlWisn-NOx-1g,2026-08-01 16:00:00,39.0,741
DsWrocAlWisn-NOx-1g,2026-08-01 15:00:00,49.0,741
DsWrocAlWisn-NOx-1g,2026-08-01 14:00:00,37.6,741
DsWrocAlWisn-NOx-1g,2026-08-01 13:00:00,38.9,741
DsWrocAlWisn-PM2.5-1g,2026-08-01 21:00:00,,744
DsWrocAlWisn-PM2.5-1g,2026-08-01 20:00:00,9.6,744
DsWrocAlWisn-PM2.5-1g,2026-08-01 19:00:00,13.7,744
DsWrocAlWisn-PM2.5-1g,2026-08-01 18:00:00,18.8,744
DsWrocAlWisn-PM2.5-1g,2026-08-01 17:00:00,22.1,744
DsWrocAlWisn-PM2.5-1g,2026-08-01 16:00:00,22.8,744
DsWrocAlWisn-PM2.5-1g,2026-08-01 15:00:00,20.1,744
DsWrocAlWisn-PM2.5-1g,2026-08-01 14:00:00,17.8,744
DsWrocAlWisn-PM2.5-1g,2026-08-01 13:00:00,18.2,744
KpGrudPilsud-NO-1g,2026-08-01 21:00:00,,808
KpGrudPilsud-NO-1g,2026-08-01 20:00:00,,808
KpGrudPilsud-NO-1g,2026-08-01 19:00:00,,808
KpGrudPilsud-NO-1g,2026-08-01 18:00:00,,808
KpGrudPilsud-NO-1g,2026-08-01 17:00:00,,808
KpGrudPilsud-NO-1g,2026-08-01 16:00:00,,808
KpGrudPilsud-NO-1g,2026-08-01 15:00:00,,808
KpGrudPilsud-NO-1g,2026-08-01 14:00:00,,808
KpGrudPilsud-NO-1g,2026-08-01 13:00:00,,808
KpGrudPilsud-NO2-1g,2026-08-01 21:00:00,,809
KpGrudPilsud-NO2-1g,2026-08-01 20:00:00,,809
KpGrudPilsud-NO2-1g,2026-08-01 19:00:00,,809
KpGrudPilsud-NO2-1g,2026-08-01 18:00:00,,809
KpGrudPilsud-NO2-1g,2026-08-01 17:00:00,,809
KpGrudPilsud-NO2-1g,2026-08-01 16:00:00,,809
KpGrudPilsud-NO2-1g,2026-08-01 15:00:00,,809
KpGrudPilsud-NO2-1g,2026-08-01 14:00:00,,809
KpGrudPilsud-NO2-1g,2026-08-01 13:00:00,,809
KpGrudPilsud-NOx-1g,2026-08-01 21:00:00,,810
KpGrudPilsud-NOx-1g,2026-08-01 20:00:00,,810
KpGrudPilsud-NOx-1g,2026-08-01 19:00:00,,810
KpGrudPilsud-NOx-1g,2026-08-01 18:00:00,,810
KpGrudPilsud-NOx-1g,2026-08-01 17:00:00,,810
KpGrudPilsud-NOx-1g,2026-08-01 16:00:00,,810
KpGrudPilsud-NOx-1g,2026-08-01 15:00:00,,810
KpGrudPilsud-NOx-1g,2026-08-01 14:00:00,,810
KpGrudPilsud-NOx-1g,2026-08-01 13:00:00,,810
KpGrudPilsud-PM10-1g,2026-08-01 21:00:00,,812
KpGrudPilsud-PM10-1g,2026-08-01 20:00:00,,812
KpGrudPilsud-PM10-1g,2026-08-01 19:00:00,,812
KpGrudPilsud-PM10-1g,2026-08-01 18:00:00,,812
KpGrudPilsud-PM10-1g,2026-08-01 17:00:00,,812
KpGrudPilsud-PM10-1g,2026-08-01 16:00:00,,812
KpGrudPilsud-PM10-1g,2026-08-01 15:00:00,,812
KpGrudPilsud-PM10-1g,2026-08-01 14:00:00,,812
KpGrudPilsud-PM10-1g,2026-08-01 13:00:00,,812
KpInowSolank-PM10-1g,2026-08-01 21:00:00,,828
KpInowSolank-PM10-1g,2026-08-01 20:00:00,5.8,828
KpInowSolank-PM10-1g,2026-08-01 19:00:00,9.6,828
KpInowSolank-PM10-1g,2026-08-01 18:00:00,15.6,828
KpInowSolank-PM10-1g,2026-08-01 17:00:00,19.8,828
KpInowSolank-PM10-1g,2026-08-01 16:00:00,21.3,828
KpInowSolank-PM10-1g,2026-08-01 15:00:00,16.6,828
KpInowSolank-PM10-1g,2026-08-01 14:00:00,12.5,828
KpInowSolank-PM10-1g,2026-08-01 13:00:00,9.8,828
KpToruWSikor-PM10-1g,2026-08-01 21:00:00,,853
KpToruWSikor-PM10-1g,2026-08-01 20:00:00,2.8,853
KpToruWSikor-PM10-1g,2026-08-01 19:00:00,6.3,853
KpToruWSikor-PM10-1g,2026-08-01 18:00:00,21.7,853
KpToruWSikor-PM10-1g,2026-08-01 17:00:00,,853
KpToruWSikor-PM10-1g,2026-08-01 16:00:00,,853
KpToruWSikor-PM10-1g,2026-08-01 15:00:00,22.9,853
KpToruWSikor-PM10-1g,2026-08-01 14:00:00,7.8,853
KpToruWSikor-PM10-1g,2026-08-01 13:00:00,4.1,853
